
  .   ____          _            __ _ _
 /\\ / ___'_ __ _ _(_)_ __  __ _ \ \ \ \
( ( )\___ | '_ | '_| | '_ \/ _` | \ \ \ \
 \\/  ___)| |_)| | | | | || (_| |  ) ) ) )
  '  |____| .__|_| |_|_| |_\__, | / / / /
 =========|_|==============|___/=/_/_/_/

 :: Spring Boot ::                (v4.1.0)

2026-08-08T20:58:44.627+05:30  INFO [trace=] 34968 --- [tantra] [           main] c.hyperlocal.tantra.TantraApplication    : Starting TantraApplication v0.0.1-SNAPSHOT using Java 17.0.7 with PID 34968 (D:\TANTRA\Tantra_Backend\tantra\target\tantra-0.0.1-SNAPSHOT.jar started by Rahul R in D:\TANTRA\Tantra_Backend\tantra)
2026-08-08T20:58:44.636+05:30  INFO [trace=] 34968 --- [tantra] [           main] c.hyperlocal.tantra.TantraApplication    : No active profile set, falling back to 1 default profile: "default"
2026-08-08T20:58:46.500+05:30  INFO [trace=] 34968 --- [tantra] [           main] .s.d.r.c.RepositoryConfigurationDelegate : Bootstrapping Spring Data JPA repositories in DEFAULT mode.
2026-08-08T20:58:46.742+05:30  INFO [trace=] 34968 --- [tantra] [           main] .s.d.r.c.RepositoryConfigurationDelegate : Finished Spring Data repository scanning in 212 ms. Found 22 JPA repository interfaces.
2026-08-08T20:58:48.321+05:30  INFO [trace=] 34968 --- [tantra] [           main] o.s.boot.tomcat.TomcatWebServer          : Tomcat initialized with port 8080 (http)
2026-08-08T20:58:48.352+05:30  INFO [trace=] 34968 --- [tantra] [           main] o.apache.catalina.core.StandardService   : Starting service [Tomcat]
2026-08-08T20:58:48.353+05:30  INFO [trace=] 34968 --- [tantra] [           main] o.apache.catalina.core.StandardEngine    : Starting Servlet engine: [Apache Tomcat/11.0.22]
2026-08-08T20:58:48.421+05:30  INFO [trace=] 34968 --- [tantra] [           main] b.w.c.s.WebApplicationContextInitializer : Root WebApplicationContext: initialization completed in 3644 ms
2026-08-08T20:58:48.828+05:30  INFO [trace=] 34968 --- [tantra] [           main] org.hibernate.orm.jpa                    : HHH008540: Processing PersistenceUnitInfo [name: default]
2026-08-08T20:58:48.959+05:30  INFO [trace=] 34968 --- [tantra] [           main] org.hibernate.orm.core                   : HHH000001: Hibernate ORM core version 7.4.1.Final
2026-08-08T20:58:50.227+05:30  INFO [trace=] 34968 --- [tantra] [           main] o.s.o.j.p.SpringPersistenceUnitInfo      : No LoadTimeWeaver setup: ignoring JPA class transformer
2026-08-08T20:58:50.312+05:30  INFO [trace=] 34968 --- [tantra] [           main] com.zaxxer.hikari.HikariDataSource       : HikariPool-1 - Starting...
2026-08-08T20:58:50.800+05:30  INFO [trace=] 34968 --- [tantra] [           main] com.zaxxer.hikari.pool.HikariPool        : HikariPool-1 - Added connection org.postgresql.jdbc.PgConnection@1f3f434
2026-08-08T20:58:50.805+05:30  INFO [trace=] 34968 --- [tantra] [           main] com.zaxxer.hikari.HikariDataSource       : HikariPool-1 - Start completed.
2026-08-08T20:58:50.873+05:30  WARN [trace=] 34968 --- [tantra] [           main] org.hibernate.orm.deprecation            : HHH90000025: PostgreSQLDialect does not need to be specified explicitly using 'hibernate.dialect' (remove the property setting and it will be selected by default)
2026-08-08T20:58:50.924+05:30  INFO [trace=] 34968 --- [tantra] [           main] org.hibernate.orm.connections.pooling    : HHH10001005: Database info:
	Database JDBC URL [jdbc:postgresql://localhost:5432/tantra_db]
	Database driver: PostgreSQL JDBC Driver
	Database dialect: PostgreSQLDialect
	Database version: 18.4
	Default catalog/schema: tantra_db/public
	Autocommit mode: undefined/unknown
	Isolation level: READ_COMMITTED [default READ_COMMITTED]
	JDBC fetch size: none
	Pool: DataSourceConnectionProvider
	Minimum pool size: undefined/unknown
	Maximum pool size: undefined/unknown
2026-08-08T20:58:53.967+05:30  INFO [trace=] 34968 --- [tantra] [           main] org.hibernate.orm.core                   : HHH000489: No JTA platform available (set 'hibernate.transaction.jta.platform' to enable JTA platform integration)
2026-08-08T20:58:54.203+05:30  INFO [trace=] 34968 --- [tantra] [           main] j.LocalContainerEntityManagerFactoryBean : Initialized JPA EntityManagerFactory for persistence unit 'default'
2026-08-08T20:58:54.373+05:30  INFO [trace=] 34968 --- [tantra] [           main] o.s.d.j.r.query.QueryEnhancerFactories   : Hibernate is in classpath; If applicable, HQL parser will be used.
Hibernate: SELECT COUNT(*) FROM stat_tiles
2026-08-08T20:58:57.706+05:30  WARN [trace=] 34968 --- [tantra] [           main] JpaBaseConfiguration$JpaWebConfiguration : spring.jpa.open-in-view is enabled by default. Therefore, database queries may be performed during view rendering. Explicitly configure spring.jpa.open-in-view to disable this warning
2026-08-08T20:58:57.922+05:30  INFO [trace=] 34968 --- [tantra] [           main] r$InitializeUserDetailsManagerConfigurer : Global AuthenticationManager configured with UserDetailsService bean with name customUserDetailsService
2026-08-08T20:58:58.937+05:30  INFO [trace=] 34968 --- [tantra] [           main] o.s.boot.tomcat.TomcatWebServer          : Tomcat started on port 8080 (http) with context path '/'
2026-08-08T20:58:58.958+05:30  INFO [trace=] 34968 --- [tantra] [           main] c.hyperlocal.tantra.TantraApplication    : Started TantraApplication in 15.519 seconds (process running for 16.762)
Hibernate: select count(*) from deal_groups dg1_0
Hibernate: select us1_0.id,us1_0.auto_renew,us1_0.created_at,us1_0.expires_at,us1_0.granted_by,us1_0.notes,us1_0.payment_gateway,us1_0.payment_ref,us1_0.plan_id,us1_0.started_at,us1_0.status,us1_0.subscription_id,us1_0.updated_at,us1_0.user_id from user_subscriptions us1_0 where us1_0.status='ACTIVE' and us1_0.expires_at<?
Hibernate: select count(*) from carousel_items ci1_0
Hibernate: select count(*) from deal_groups dg1_0
2026-08-08T20:59:04.394+05:30  INFO [trace=] 34968 --- [tantra] [nio-8080-exec-1] o.a.c.c.C.[Tomcat].[localhost].[/]       : Initializing Spring DispatcherServlet 'dispatcherServlet'
2026-08-08T20:59:04.395+05:30  INFO [trace=] 34968 --- [tantra] [nio-8080-exec-1] o.s.web.servlet.DispatcherServlet        : Initializing Servlet 'dispatcherServlet'
2026-08-08T20:59:04.399+05:30  INFO [trace=] 34968 --- [tantra] [nio-8080-exec-1] o.s.web.servlet.DispatcherServlet        : Completed initialization in 3 ms
Hibernate: select dg1_0.id,dg1_0.accent_color,dg1_0.backend_ui,dg1_0.background_image_url,dg1_0.badge_en,dg1_0.badge_hi,dg1_0.category_keys,dg1_0.created_at,dg1_0.cta_type,dg1_0.cta_value,dg1_0.display_order,dg1_0.group_key,dg1_0.icon,dg1_0.is_active,dg1_0.label_en,dg1_0.label_hi,dg1_0.listing_type,dg1_0.unit_en,dg1_0.unit_hi,dg1_0.updated_at,dg1_0.updated_by from deal_groups dg1_0 where dg1_0.is_active=true order by dg1_0.display_order
Hibernate: select mc1_0.id,mc1_0.action_type,mc1_0.category_key,mc1_0.category_name_en,mc1_0.category_name_hi,mc1_0.created_at,mc1_0.display_order,mc1_0.icon_url,mc1_0.is_active,mc1_0.link_key,mc1_0.module_id,mc1_0.parent_id from module_categories mc1_0 where mc1_0.category_key=?
Hibernate: SELECT COUNT(*) FROM listings WHERE is_deleted = false AND status = 'ACTIVE' AND is_active = true AND created_at >= CURRENT_DATE AND category_id IN (?) AND (? IS NULL OR listing_type = ?)
Hibernate: SELECT MIN(offered_price) FROM listings WHERE is_deleted = false AND status = 'ACTIVE' AND is_active = true AND created_at >= CURRENT_DATE AND category_id IN (?) AND (? IS NULL OR listing_type = ?)
Hibernate: select mc1_0.id,mc1_0.action_type,mc1_0.category_key,mc1_0.category_name_en,mc1_0.category_name_hi,mc1_0.created_at,mc1_0.display_order,mc1_0.icon_url,mc1_0.is_active,mc1_0.link_key,mc1_0.module_id,mc1_0.parent_id from module_categories mc1_0 where mc1_0.category_key=?
Hibernate: SELECT COUNT(*) FROM listings WHERE is_deleted = false AND status = 'ACTIVE' AND is_active = true AND created_at >= CURRENT_DATE AND category_id IN (?) AND (? IS NULL OR listing_type = ?)
Hibernate: select mc1_0.id,mc1_0.action_type,mc1_0.category_key,mc1_0.category_name_en,mc1_0.category_name_hi,mc1_0.created_at,mc1_0.display_order,mc1_0.icon_url,mc1_0.is_active,mc1_0.link_key,mc1_0.module_id,mc1_0.parent_id from module_categories mc1_0 where mc1_0.category_key=?
Hibernate: SELECT COUNT(*) FROM listings WHERE is_deleted = false AND status = 'ACTIVE' AND is_active = true AND created_at >= CURRENT_DATE AND category_id IN (?) AND (? IS NULL OR listing_type = ?)
Hibernate: select mc1_0.id,mc1_0.action_type,mc1_0.category_key,mc1_0.category_name_en,mc1_0.category_name_hi,mc1_0.created_at,mc1_0.display_order,mc1_0.icon_url,mc1_0.is_active,mc1_0.link_key,mc1_0.module_id,mc1_0.parent_id from module_categories mc1_0 where mc1_0.category_key=?
Hibernate: select mc1_0.id,mc1_0.action_type,mc1_0.category_key,mc1_0.category_name_en,mc1_0.category_name_hi,mc1_0.created_at,mc1_0.display_order,mc1_0.icon_url,mc1_0.is_active,mc1_0.link_key,mc1_0.module_id,mc1_0.parent_id from module_categories mc1_0 where mc1_0.category_key=?
Hibernate: SELECT COUNT(*) FROM listings WHERE is_deleted = false AND status = 'ACTIVE' AND is_active = true AND created_at >= CURRENT_DATE AND category_id IN (?,?) AND (? IS NULL OR listing_type = ?)
Hibernate: SELECT MIN(offered_price) FROM listings WHERE is_deleted = false AND status = 'ACTIVE' AND is_active = true AND created_at >= CURRENT_DATE AND category_id IN (?,?) AND (? IS NULL OR listing_type = ?)
Hibernate: select u1_0.id,u1_0.app_usage_role,u1_0.created_at,u1_0.first_name,u1_0.last_name,u1_0.mobile_number,u1_0.otp_expiry,u1_0.password,u1_0.preferred_language,u1_0.reset_otp,u1_0.user_id from users u1_0 where u1_0.mobile_number=?
Hibernate: select u1_0.id,u1_0.app_usage_role,u1_0.created_at,u1_0.first_name,u1_0.last_name,u1_0.mobile_number,u1_0.otp_expiry,u1_0.password,u1_0.preferred_language,u1_0.reset_otp,u1_0.user_id from users u1_0 where u1_0.mobile_number=?
Hibernate: select u1_0.id,u1_0.app_usage_role,u1_0.created_at,u1_0.first_name,u1_0.last_name,u1_0.mobile_number,u1_0.otp_expiry,u1_0.password,u1_0.preferred_language,u1_0.reset_otp,u1_0.user_id from users u1_0 where u1_0.mobile_number=?
Hibernate: select u1_0.id,u1_0.app_usage_role,u1_0.created_at,u1_0.first_name,u1_0.last_name,u1_0.mobile_number,u1_0.otp_expiry,u1_0.password,u1_0.preferred_language,u1_0.reset_otp,u1_0.user_id from users u1_0 where u1_0.mobile_number=?
Hibernate: select u1_0.id,u1_0.app_usage_role,u1_0.created_at,u1_0.first_name,u1_0.last_name,u1_0.mobile_number,u1_0.otp_expiry,u1_0.password,u1_0.preferred_language,u1_0.reset_otp,u1_0.user_id from users u1_0 where u1_0.mobile_number=?
Hibernate: select ua1_0.id,ua1_0.address_id,ua1_0.alt_mobile_number,ua1_0.city,ua1_0.country,ua1_0.created_at,ua1_0.district,ua1_0.full_address,ua1_0.is_default,ua1_0.is_deleted,ua1_0.label,ua1_0.latitude,ua1_0.longitude,ua1_0.mobile_number,ua1_0.pin_code,ua1_0.state,ua1_0.updated_at,ua1_0.user_id,ua1_0.village from user_addresses ua1_0 where ua1_0.user_id=? and ua1_0.is_deleted=false order by ua1_0.is_default desc,ua1_0.created_at desc
Hibernate: select u1_0.id,u1_0.app_usage_role,u1_0.created_at,u1_0.first_name,u1_0.last_name,u1_0.mobile_number,u1_0.otp_expiry,u1_0.password,u1_0.preferred_language,u1_0.reset_otp,u1_0.user_id from users u1_0 where u1_0.mobile_number=?
Hibernate: select u1_0.id,u1_0.app_usage_role,u1_0.created_at,u1_0.first_name,u1_0.last_name,u1_0.mobile_number,u1_0.otp_expiry,u1_0.password,u1_0.preferred_language,u1_0.reset_otp,u1_0.user_id from users u1_0 where u1_0.mobile_number=?
Hibernate: select am1_0.id,am1_0.created_at,am1_0.is_active,am1_0.module_key,am1_0.module_name_en,am1_0.module_name_hi from app_modules am1_0 where am1_0.is_active=true
2026-08-08T20:59:33.204+05:30  INFO [trace=971e8a7a536144dd] 34968 --- [tantra] [nio-8080-exec-6] c.h.t.modules.home.service.HomeService   : [HOME] Building home feed — district=Vijay Nagar lang=HI
Hibernate: select am1_0.id,am1_0.created_at,am1_0.is_active,am1_0.module_key,am1_0.module_name_en,am1_0.module_name_hi from app_modules am1_0 where am1_0.is_active=true
Hibernate: select pc1_0.id,pc1_0.bg_color,pc1_0.card_id,pc1_0.card_type,pc1_0.created_at,pc1_0.created_by,pc1_0.cta_bg_color,pc1_0.cta_label,pc1_0.cta_type,pc1_0.cta_value,pc1_0.display_order,pc1_0.eyebrow,pc1_0.illustration_key,pc1_0.image_url,pc1_0.is_active,pc1_0.subtitle,pc1_0.target_district,pc1_0.text_color,pc1_0.title,pc1_0.updated_at,pc1_0.valid_from,pc1_0.valid_to from promo_cards pc1_0 where pc1_0.is_active=true and (pc1_0.valid_from is null or pc1_0.valid_from<=?) and (pc1_0.valid_to is null or pc1_0.valid_to>=?) and (pc1_0.target_district is null or ? is null or pc1_0.target_district=?) and (? is null or pc1_0.card_type=?) order by pc1_0.display_order
Hibernate: SELECT l.* FROM listings l INNER JOIN user_subscriptions ss ON ss.user_id = l.user_id AND ss.status = 'ACTIVE' AND ss.expires_at > NOW() INNER JOIN subscription_plans sp ON sp.id = ss.plan_id AND sp.home_feed_slots > 0 WHERE l.is_deleted = false AND l.status = 'ACTIVE' AND l.is_active = true AND (? IS NULL OR l.address->>'district' ILIKE ?) ORDER BY sp.sort_weight ASC, l.created_at DESC LIMIT ?
Hibernate: select am1_0.id,am1_0.created_at,am1_0.is_active,am1_0.module_key,am1_0.module_name_en,am1_0.module_name_hi from app_modules am1_0 where am1_0.is_active=true
Hibernate: select mc1_0.id,mc1_0.action_type,mc1_0.category_key,mc1_0.category_name_en,mc1_0.category_name_hi,mc1_0.created_at,mc1_0.display_order,mc1_0.icon_url,mc1_0.is_active,mc1_0.link_key,mc1_0.module_id,mc1_0.parent_id from module_categories mc1_0 where mc1_0.module_id=? and mc1_0.parent_id is null and mc1_0.is_active=true order by mc1_0.display_order
Hibernate: SELECT l.* FROM listings l LEFT JOIN user_subscriptions ss ON ss.user_id = l.user_id AND ss.status = 'ACTIVE' AND ss.expires_at > NOW() LEFT JOIN subscription_plans sp ON sp.id = ss.plan_id WHERE l.is_deleted = false AND l.status = 'ACTIVE' AND l.is_active = true AND l.module_id = ? AND (? IS NULL OR l.address->>'district' ILIKE ?) ORDER BY COALESCE(sp.sort_weight, 99) ASC, l.created_at DESC LIMIT ?
Hibernate: select mc1_0.id,mc1_0.action_type,mc1_0.category_key,mc1_0.category_name_en,mc1_0.category_name_hi,mc1_0.created_at,mc1_0.display_order,mc1_0.icon_url,mc1_0.is_active,mc1_0.link_key,mc1_0.module_id,mc1_0.parent_id from module_categories mc1_0 where mc1_0.id=?
Hibernate: select us1_0.id,us1_0.auto_renew,us1_0.created_at,us1_0.expires_at,us1_0.granted_by,us1_0.notes,us1_0.payment_gateway,us1_0.payment_ref,us1_0.plan_id,us1_0.started_at,us1_0.status,us1_0.subscription_id,us1_0.updated_at,us1_0.user_id from user_subscriptions us1_0 where us1_0.user_id=? and us1_0.status='ACTIVE' and us1_0.expires_at>?
Hibernate: select bp1_0.id,bp1_0.address,bp1_0.attributes,bp1_0.block_reason,bp1_0.business_name,bp1_0.created_at,bp1_0.documents,bp1_0.form_id,bp1_0.form_version,bp1_0.is_active,bp1_0.is_deleted,bp1_0.is_visible,bp1_0.latitude,bp1_0.longitude,bp1_0.profile_id,bp1_0.profile_type,bp1_0.reject_reason,bp1_0.updated_at,bp1_0.user_id,bp1_0.verification_status,bp1_0.verified_at,bp1_0.verified_by from business_profiles bp1_0 where bp1_0.user_id=? and bp1_0.verification_status=? and bp1_0.is_deleted=false
Hibernate: select us1_0.id,us1_0.auto_renew,us1_0.created_at,us1_0.expires_at,us1_0.granted_by,us1_0.notes,us1_0.payment_gateway,us1_0.payment_ref,us1_0.plan_id,us1_0.started_at,us1_0.status,us1_0.subscription_id,us1_0.updated_at,us1_0.user_id from user_subscriptions us1_0 where us1_0.user_id=? and us1_0.status='ACTIVE' and us1_0.expires_at>?
Hibernate: select bp1_0.id,bp1_0.address,bp1_0.attributes,bp1_0.block_reason,bp1_0.business_name,bp1_0.created_at,bp1_0.documents,bp1_0.form_id,bp1_0.form_version,bp1_0.is_active,bp1_0.is_deleted,bp1_0.is_visible,bp1_0.latitude,bp1_0.longitude,bp1_0.profile_id,bp1_0.profile_type,bp1_0.reject_reason,bp1_0.updated_at,bp1_0.user_id,bp1_0.verification_status,bp1_0.verified_at,bp1_0.verified_by from business_profiles bp1_0 where bp1_0.user_id=? and bp1_0.verification_status=? and bp1_0.is_deleted=false
Hibernate: select mc1_0.id,mc1_0.action_type,mc1_0.category_key,mc1_0.category_name_en,mc1_0.category_name_hi,mc1_0.created_at,mc1_0.display_order,mc1_0.icon_url,mc1_0.is_active,mc1_0.link_key,mc1_0.module_id,mc1_0.parent_id from module_categories mc1_0 where mc1_0.id=?
Hibernate: select us1_0.id,us1_0.auto_renew,us1_0.created_at,us1_0.expires_at,us1_0.granted_by,us1_0.notes,us1_0.payment_gateway,us1_0.payment_ref,us1_0.plan_id,us1_0.started_at,us1_0.status,us1_0.subscription_id,us1_0.updated_at,us1_0.user_id from user_subscriptions us1_0 where us1_0.user_id=? and us1_0.status='ACTIVE' and us1_0.expires_at>?
Hibernate: select bp1_0.id,bp1_0.address,bp1_0.attributes,bp1_0.block_reason,bp1_0.business_name,bp1_0.created_at,bp1_0.documents,bp1_0.form_id,bp1_0.form_version,bp1_0.is_active,bp1_0.is_deleted,bp1_0.is_visible,bp1_0.latitude,bp1_0.longitude,bp1_0.profile_id,bp1_0.profile_type,bp1_0.reject_reason,bp1_0.updated_at,bp1_0.user_id,bp1_0.verification_status,bp1_0.verified_at,bp1_0.verified_by from business_profiles bp1_0 where bp1_0.user_id=? and bp1_0.verification_status=? and bp1_0.is_deleted=false
Hibernate: select us1_0.id,us1_0.auto_renew,us1_0.created_at,us1_0.expires_at,us1_0.granted_by,us1_0.notes,us1_0.payment_gateway,us1_0.payment_ref,us1_0.plan_id,us1_0.started_at,us1_0.status,us1_0.subscription_id,us1_0.updated_at,us1_0.user_id from user_subscriptions us1_0 where us1_0.user_id=? and us1_0.status='ACTIVE' and us1_0.expires_at>?
Hibernate: select bp1_0.id,bp1_0.address,bp1_0.attributes,bp1_0.block_reason,bp1_0.business_name,bp1_0.created_at,bp1_0.documents,bp1_0.form_id,bp1_0.form_version,bp1_0.is_active,bp1_0.is_deleted,bp1_0.is_visible,bp1_0.latitude,bp1_0.longitude,bp1_0.profile_id,bp1_0.profile_type,bp1_0.reject_reason,bp1_0.updated_at,bp1_0.user_id,bp1_0.verification_status,bp1_0.verified_at,bp1_0.verified_by from business_profiles bp1_0 where bp1_0.user_id=? and bp1_0.verification_status=? and bp1_0.is_deleted=false
Hibernate: select us1_0.id,us1_0.auto_renew,us1_0.created_at,us1_0.expires_at,us1_0.granted_by,us1_0.notes,us1_0.payment_gateway,us1_0.payment_ref,us1_0.plan_id,us1_0.started_at,us1_0.status,us1_0.subscription_id,us1_0.updated_at,us1_0.user_id from user_subscriptions us1_0 where us1_0.user_id=? and us1_0.status='ACTIVE' and us1_0.expires_at>?
Hibernate: select bp1_0.id,bp1_0.address,bp1_0.attributes,bp1_0.block_reason,bp1_0.business_name,bp1_0.created_at,bp1_0.documents,bp1_0.form_id,bp1_0.form_version,bp1_0.is_active,bp1_0.is_deleted,bp1_0.is_visible,bp1_0.latitude,bp1_0.longitude,bp1_0.profile_id,bp1_0.profile_type,bp1_0.reject_reason,bp1_0.updated_at,bp1_0.user_id,bp1_0.verification_status,bp1_0.verified_at,bp1_0.verified_by from business_profiles bp1_0 where bp1_0.user_id=? and bp1_0.verification_status=? and bp1_0.is_deleted=false
Hibernate: select mc1_0.id,mc1_0.action_type,mc1_0.category_key,mc1_0.category_name_en,mc1_0.category_name_hi,mc1_0.created_at,mc1_0.display_order,mc1_0.icon_url,mc1_0.is_active,mc1_0.link_key,mc1_0.module_id,mc1_0.parent_id from module_categories mc1_0 where mc1_0.id=?
Hibernate: select us1_0.id,us1_0.auto_renew,us1_0.created_at,us1_0.expires_at,us1_0.granted_by,us1_0.notes,us1_0.payment_gateway,us1_0.payment_ref,us1_0.plan_id,us1_0.started_at,us1_0.status,us1_0.subscription_id,us1_0.updated_at,us1_0.user_id from user_subscriptions us1_0 where us1_0.user_id=? and us1_0.status='ACTIVE' and us1_0.expires_at>?
Hibernate: select bp1_0.id,bp1_0.address,bp1_0.attributes,bp1_0.block_reason,bp1_0.business_name,bp1_0.created_at,bp1_0.documents,bp1_0.form_id,bp1_0.form_version,bp1_0.is_active,bp1_0.is_deleted,bp1_0.is_visible,bp1_0.latitude,bp1_0.longitude,bp1_0.profile_id,bp1_0.profile_type,bp1_0.reject_reason,bp1_0.updated_at,bp1_0.user_id,bp1_0.verification_status,bp1_0.verified_at,bp1_0.verified_by from business_profiles bp1_0 where bp1_0.user_id=? and bp1_0.verification_status=? and bp1_0.is_deleted=false
Hibernate: select mc1_0.id,mc1_0.action_type,mc1_0.category_key,mc1_0.category_name_en,mc1_0.category_name_hi,mc1_0.created_at,mc1_0.display_order,mc1_0.icon_url,mc1_0.is_active,mc1_0.link_key,mc1_0.module_id,mc1_0.parent_id from module_categories mc1_0 where mc1_0.module_id=? and mc1_0.parent_id is null and mc1_0.is_active=true order by mc1_0.display_order
Hibernate: SELECT l.* FROM listings l LEFT JOIN user_subscriptions ss ON ss.user_id = l.user_id AND ss.status = 'ACTIVE' AND ss.expires_at > NOW() LEFT JOIN subscription_plans sp ON sp.id = ss.plan_id WHERE l.is_deleted = false AND l.status = 'ACTIVE' AND l.is_active = true AND l.module_id = ? AND (? IS NULL OR l.address->>'district' ILIKE ?) ORDER BY COALESCE(sp.sort_weight, 99) ASC, l.created_at DESC LIMIT ?
Hibernate: select mc1_0.id,mc1_0.action_type,mc1_0.category_key,mc1_0.category_name_en,mc1_0.category_name_hi,mc1_0.created_at,mc1_0.display_order,mc1_0.icon_url,mc1_0.is_active,mc1_0.link_key,mc1_0.module_id,mc1_0.parent_id from module_categories mc1_0 where mc1_0.id=?
Hibernate: select us1_0.id,us1_0.auto_renew,us1_0.created_at,us1_0.expires_at,us1_0.granted_by,us1_0.notes,us1_0.payment_gateway,us1_0.payment_ref,us1_0.plan_id,us1_0.started_at,us1_0.status,us1_0.subscription_id,us1_0.updated_at,us1_0.user_id from user_subscriptions us1_0 where us1_0.user_id=? and us1_0.status='ACTIVE' and us1_0.expires_at>?
Hibernate: select bp1_0.id,bp1_0.address,bp1_0.attributes,bp1_0.block_reason,bp1_0.business_name,bp1_0.created_at,bp1_0.documents,bp1_0.form_id,bp1_0.form_version,bp1_0.is_active,bp1_0.is_deleted,bp1_0.is_visible,bp1_0.latitude,bp1_0.longitude,bp1_0.profile_id,bp1_0.profile_type,bp1_0.reject_reason,bp1_0.updated_at,bp1_0.user_id,bp1_0.verification_status,bp1_0.verified_at,bp1_0.verified_by from business_profiles bp1_0 where bp1_0.user_id=? and bp1_0.verification_status=? and bp1_0.is_deleted=false
Hibernate: select mc1_0.id,mc1_0.action_type,mc1_0.category_key,mc1_0.category_name_en,mc1_0.category_name_hi,mc1_0.created_at,mc1_0.display_order,mc1_0.icon_url,mc1_0.is_active,mc1_0.link_key,mc1_0.module_id,mc1_0.parent_id from module_categories mc1_0 where mc1_0.id=?
Hibernate: select us1_0.id,us1_0.auto_renew,us1_0.created_at,us1_0.expires_at,us1_0.granted_by,us1_0.notes,us1_0.payment_gateway,us1_0.payment_ref,us1_0.plan_id,us1_0.started_at,us1_0.status,us1_0.subscription_id,us1_0.updated_at,us1_0.user_id from user_subscriptions us1_0 where us1_0.user_id=? and us1_0.status='ACTIVE' and us1_0.expires_at>?
Hibernate: select bp1_0.id,bp1_0.address,bp1_0.attributes,bp1_0.block_reason,bp1_0.business_name,bp1_0.created_at,bp1_0.documents,bp1_0.form_id,bp1_0.form_version,bp1_0.is_active,bp1_0.is_deleted,bp1_0.is_visible,bp1_0.latitude,bp1_0.longitude,bp1_0.profile_id,bp1_0.profile_type,bp1_0.reject_reason,bp1_0.updated_at,bp1_0.user_id,bp1_0.verification_status,bp1_0.verified_at,bp1_0.verified_by from business_profiles bp1_0 where bp1_0.user_id=? and bp1_0.verification_status=? and bp1_0.is_deleted=false
Hibernate: SELECT bp.* FROM business_profiles bp INNER JOIN user_subscriptions ss ON ss.user_id = bp.user_id AND ss.status = 'ACTIVE' AND ss.expires_at > NOW() INNER JOIN subscription_plans sp ON sp.id = ss.plan_id AND sp.profile_highlight = true AND sp.home_feed_slots > 0 WHERE bp.is_deleted = false AND bp.is_active = true AND bp.verification_status = 'APPROVED' AND (? IS NULL OR bp.address->>'district' ILIKE ?) ORDER BY sp.sort_weight ASC, bp.created_at DESC LIMIT ?
Hibernate: select l1_0.id,l1_0.actual_price,l1_0.address,l1_0.address_id,l1_0.attributes,l1_0.category_id,l1_0.contact_number,l1_0.contact_reveal_count,l1_0.created_at,l1_0.created_by,l1_0.discount_expires_at,l1_0.discount_pct,l1_0.favorite_count,l1_0.flash_deal,l1_0.form_id,l1_0.form_version,l1_0.images,l1_0.is_active,l1_0.is_deleted,l1_0.is_negotiable,l1_0.latitude,l1_0.listing_id,l1_0.listing_type,l1_0.longitude,l1_0.module_id,l1_0.offered_price,l1_0.quantity,l1_0.search_vector,l1_0.show_contact,l1_0.status,l1_0.unit,l1_0.updated_at,l1_0.updated_by,l1_0.user_id,l1_0.user_mobile_number,l1_0.view_count from listings l1_0 order by l1_0.created_at desc offset ? rows fetch first ? rows only
Hibernate: select count(l1_0.id) from listings l1_0
Hibernate: select us1_0.id,us1_0.auto_renew,us1_0.created_at,us1_0.expires_at,us1_0.granted_by,us1_0.notes,us1_0.payment_gateway,us1_0.payment_ref,us1_0.plan_id,us1_0.started_at,us1_0.status,us1_0.subscription_id,us1_0.updated_at,us1_0.user_id from user_subscriptions us1_0 where us1_0.user_id=? and us1_0.status='ACTIVE' and us1_0.expires_at>?
Hibernate: select bp1_0.id,bp1_0.address,bp1_0.attributes,bp1_0.block_reason,bp1_0.business_name,bp1_0.created_at,bp1_0.documents,bp1_0.form_id,bp1_0.form_version,bp1_0.is_active,bp1_0.is_deleted,bp1_0.is_visible,bp1_0.latitude,bp1_0.longitude,bp1_0.profile_id,bp1_0.profile_type,bp1_0.reject_reason,bp1_0.updated_at,bp1_0.user_id,bp1_0.verification_status,bp1_0.verified_at,bp1_0.verified_by from business_profiles bp1_0 where bp1_0.user_id=? and bp1_0.verification_status=? and bp1_0.is_deleted=false
Hibernate: select us1_0.id,us1_0.auto_renew,us1_0.created_at,us1_0.expires_at,us1_0.granted_by,us1_0.notes,us1_0.payment_gateway,us1_0.payment_ref,us1_0.plan_id,us1_0.started_at,us1_0.status,us1_0.subscription_id,us1_0.updated_at,us1_0.user_id from user_subscriptions us1_0 where us1_0.user_id=? and us1_0.status='ACTIVE' and us1_0.expires_at>?
Hibernate: select bp1_0.id,bp1_0.address,bp1_0.attributes,bp1_0.block_reason,bp1_0.business_name,bp1_0.created_at,bp1_0.documents,bp1_0.form_id,bp1_0.form_version,bp1_0.is_active,bp1_0.is_deleted,bp1_0.is_visible,bp1_0.latitude,bp1_0.longitude,bp1_0.profile_id,bp1_0.profile_type,bp1_0.reject_reason,bp1_0.updated_at,bp1_0.user_id,bp1_0.verification_status,bp1_0.verified_at,bp1_0.verified_by from business_profiles bp1_0 where bp1_0.user_id=? and bp1_0.verification_status=? and bp1_0.is_deleted=false
Hibernate: select us1_0.id,us1_0.auto_renew,us1_0.created_at,us1_0.expires_at,us1_0.granted_by,us1_0.notes,us1_0.payment_gateway,us1_0.payment_ref,us1_0.plan_id,us1_0.started_at,us1_0.status,us1_0.subscription_id,us1_0.updated_at,us1_0.user_id from user_subscriptions us1_0 where us1_0.user_id=? and us1_0.status='ACTIVE' and us1_0.expires_at>?
Hibernate: select bp1_0.id,bp1_0.address,bp1_0.attributes,bp1_0.block_reason,bp1_0.business_name,bp1_0.created_at,bp1_0.documents,bp1_0.form_id,bp1_0.form_version,bp1_0.is_active,bp1_0.is_deleted,bp1_0.is_visible,bp1_0.latitude,bp1_0.longitude,bp1_0.profile_id,bp1_0.profile_type,bp1_0.reject_reason,bp1_0.updated_at,bp1_0.user_id,bp1_0.verification_status,bp1_0.verified_at,bp1_0.verified_by from business_profiles bp1_0 where bp1_0.user_id=? and bp1_0.verification_status=? and bp1_0.is_deleted=false
Hibernate: select us1_0.id,us1_0.auto_renew,us1_0.created_at,us1_0.expires_at,us1_0.granted_by,us1_0.notes,us1_0.payment_gateway,us1_0.payment_ref,us1_0.plan_id,us1_0.started_at,us1_0.status,us1_0.subscription_id,us1_0.updated_at,us1_0.user_id from user_subscriptions us1_0 where us1_0.user_id=? and us1_0.status='ACTIVE' and us1_0.expires_at>?
Hibernate: select bp1_0.id,bp1_0.address,bp1_0.attributes,bp1_0.block_reason,bp1_0.business_name,bp1_0.created_at,bp1_0.documents,bp1_0.form_id,bp1_0.form_version,bp1_0.is_active,bp1_0.is_deleted,bp1_0.is_visible,bp1_0.latitude,bp1_0.longitude,bp1_0.profile_id,bp1_0.profile_type,bp1_0.reject_reason,bp1_0.updated_at,bp1_0.user_id,bp1_0.verification_status,bp1_0.verified_at,bp1_0.verified_by from business_profiles bp1_0 where bp1_0.user_id=? and bp1_0.verification_status=? and bp1_0.is_deleted=false
Hibernate: select us1_0.id,us1_0.auto_renew,us1_0.created_at,us1_0.expires_at,us1_0.granted_by,us1_0.notes,us1_0.payment_gateway,us1_0.payment_ref,us1_0.plan_id,us1_0.started_at,us1_0.status,us1_0.subscription_id,us1_0.updated_at,us1_0.user_id from user_subscriptions us1_0 where us1_0.user_id=? and us1_0.status='ACTIVE' and us1_0.expires_at>?
Hibernate: select bp1_0.id,bp1_0.address,bp1_0.attributes,bp1_0.block_reason,bp1_0.business_name,bp1_0.created_at,bp1_0.documents,bp1_0.form_id,bp1_0.form_version,bp1_0.is_active,bp1_0.is_deleted,bp1_0.is_visible,bp1_0.latitude,bp1_0.longitude,bp1_0.profile_id,bp1_0.profile_type,bp1_0.reject_reason,bp1_0.updated_at,bp1_0.user_id,bp1_0.verification_status,bp1_0.verified_at,bp1_0.verified_by from business_profiles bp1_0 where bp1_0.user_id=? and bp1_0.verification_status=? and bp1_0.is_deleted=false
Hibernate: select us1_0.id,us1_0.auto_renew,us1_0.created_at,us1_0.expires_at,us1_0.granted_by,us1_0.notes,us1_0.payment_gateway,us1_0.payment_ref,us1_0.plan_id,us1_0.started_at,us1_0.status,us1_0.subscription_id,us1_0.updated_at,us1_0.user_id from user_subscriptions us1_0 where us1_0.user_id=? and us1_0.status='ACTIVE' and us1_0.expires_at>?
Hibernate: select bp1_0.id,bp1_0.address,bp1_0.attributes,bp1_0.block_reason,bp1_0.business_name,bp1_0.created_at,bp1_0.documents,bp1_0.form_id,bp1_0.form_version,bp1_0.is_active,bp1_0.is_deleted,bp1_0.is_visible,bp1_0.latitude,bp1_0.longitude,bp1_0.profile_id,bp1_0.profile_type,bp1_0.reject_reason,bp1_0.updated_at,bp1_0.user_id,bp1_0.verification_status,bp1_0.verified_at,bp1_0.verified_by from business_profiles bp1_0 where bp1_0.user_id=? and bp1_0.verification_status=? and bp1_0.is_deleted=false
Hibernate: select us1_0.id,us1_0.auto_renew,us1_0.created_at,us1_0.expires_at,us1_0.granted_by,us1_0.notes,us1_0.payment_gateway,us1_0.payment_ref,us1_0.plan_id,us1_0.started_at,us1_0.status,us1_0.subscription_id,us1_0.updated_at,us1_0.user_id from user_subscriptions us1_0 where us1_0.user_id=? and us1_0.status='ACTIVE' and us1_0.expires_at>?
Hibernate: select bp1_0.id,bp1_0.address,bp1_0.attributes,bp1_0.block_reason,bp1_0.business_name,bp1_0.created_at,bp1_0.documents,bp1_0.form_id,bp1_0.form_version,bp1_0.is_active,bp1_0.is_deleted,bp1_0.is_visible,bp1_0.latitude,bp1_0.longitude,bp1_0.profile_id,bp1_0.profile_type,bp1_0.reject_reason,bp1_0.updated_at,bp1_0.user_id,bp1_0.verification_status,bp1_0.verified_at,bp1_0.verified_by from business_profiles bp1_0 where bp1_0.user_id=? and bp1_0.verification_status=? and bp1_0.is_deleted=false
Hibernate: select us1_0.id,us1_0.auto_renew,us1_0.created_at,us1_0.expires_at,us1_0.granted_by,us1_0.notes,us1_0.payment_gateway,us1_0.payment_ref,us1_0.plan_id,us1_0.started_at,us1_0.status,us1_0.subscription_id,us1_0.updated_at,us1_0.user_id from user_subscriptions us1_0 where us1_0.user_id=? and us1_0.status='ACTIVE' and us1_0.expires_at>?
Hibernate: select bp1_0.id,bp1_0.address,bp1_0.attributes,bp1_0.block_reason,bp1_0.business_name,bp1_0.created_at,bp1_0.documents,bp1_0.form_id,bp1_0.form_version,bp1_0.is_active,bp1_0.is_deleted,bp1_0.is_visible,bp1_0.latitude,bp1_0.longitude,bp1_0.profile_id,bp1_0.profile_type,bp1_0.reject_reason,bp1_0.updated_at,bp1_0.user_id,bp1_0.verification_status,bp1_0.verified_at,bp1_0.verified_by from business_profiles bp1_0 where bp1_0.user_id=? and bp1_0.verification_status=? and bp1_0.is_deleted=false
2026-08-08T20:59:33.791+05:30  INFO [trace=971e8a7a536144dd] 34968 --- [tantra] [nio-8080-exec-6] c.h.t.modules.home.service.HomeService   : [HOME] Home feed assembled — modules=2 sections=2 featured=0 profiles=0
Hibernate: select u1_0.id,u1_0.app_usage_role,u1_0.created_at,u1_0.first_name,u1_0.last_name,u1_0.mobile_number,u1_0.otp_expiry,u1_0.password,u1_0.preferred_language,u1_0.reset_otp,u1_0.user_id from users u1_0 where u1_0.mobile_number=?
Hibernate: select dg1_0.id,dg1_0.accent_color,dg1_0.backend_ui,dg1_0.background_image_url,dg1_0.badge_en,dg1_0.badge_hi,dg1_0.category_keys,dg1_0.created_at,dg1_0.cta_type,dg1_0.cta_value,dg1_0.display_order,dg1_0.group_key,dg1_0.icon,dg1_0.is_active,dg1_0.label_en,dg1_0.label_hi,dg1_0.listing_type,dg1_0.unit_en,dg1_0.unit_hi,dg1_0.updated_at,dg1_0.updated_by from deal_groups dg1_0 where dg1_0.is_active=true order by dg1_0.display_order
Hibernate: select mc1_0.id,mc1_0.action_type,mc1_0.category_key,mc1_0.category_name_en,mc1_0.category_name_hi,mc1_0.created_at,mc1_0.display_order,mc1_0.icon_url,mc1_0.is_active,mc1_0.link_key,mc1_0.module_id,mc1_0.parent_id from module_categories mc1_0 where mc1_0.category_key=?
Hibernate: SELECT COUNT(*) FROM listings WHERE is_deleted = false AND status = 'ACTIVE' AND is_active = true AND created_at >= CURRENT_DATE AND category_id IN (?) AND (? IS NULL OR listing_type = ?)
Hibernate: SELECT MIN(offered_price) FROM listings WHERE is_deleted = false AND status = 'ACTIVE' AND is_active = true AND created_at >= CURRENT_DATE AND category_id IN (?) AND (? IS NULL OR listing_type = ?)
Hibernate: select mc1_0.id,mc1_0.action_type,mc1_0.category_key,mc1_0.category_name_en,mc1_0.category_name_hi,mc1_0.created_at,mc1_0.display_order,mc1_0.icon_url,mc1_0.is_active,mc1_0.link_key,mc1_0.module_id,mc1_0.parent_id from module_categories mc1_0 where mc1_0.category_key=?
Hibernate: SELECT COUNT(*) FROM listings WHERE is_deleted = false AND status = 'ACTIVE' AND is_active = true AND created_at >= CURRENT_DATE AND category_id IN (?) AND (? IS NULL OR listing_type = ?)
Hibernate: select mc1_0.id,mc1_0.action_type,mc1_0.category_key,mc1_0.category_name_en,mc1_0.category_name_hi,mc1_0.created_at,mc1_0.display_order,mc1_0.icon_url,mc1_0.is_active,mc1_0.link_key,mc1_0.module_id,mc1_0.parent_id from module_categories mc1_0 where mc1_0.category_key=?
Hibernate: SELECT COUNT(*) FROM listings WHERE is_deleted = false AND status = 'ACTIVE' AND is_active = true AND created_at >= CURRENT_DATE AND category_id IN (?) AND (? IS NULL OR listing_type = ?)
Hibernate: select mc1_0.id,mc1_0.action_type,mc1_0.category_key,mc1_0.category_name_en,mc1_0.category_name_hi,mc1_0.created_at,mc1_0.display_order,mc1_0.icon_url,mc1_0.is_active,mc1_0.link_key,mc1_0.module_id,mc1_0.parent_id from module_categories mc1_0 where mc1_0.category_key=?
Hibernate: select mc1_0.id,mc1_0.action_type,mc1_0.category_key,mc1_0.category_name_en,mc1_0.category_name_hi,mc1_0.created_at,mc1_0.display_order,mc1_0.icon_url,mc1_0.is_active,mc1_0.link_key,mc1_0.module_id,mc1_0.parent_id from module_categories mc1_0 where mc1_0.category_key=?
Hibernate: SELECT COUNT(*) FROM listings WHERE is_deleted = false AND status = 'ACTIVE' AND is_active = true AND created_at >= CURRENT_DATE AND category_id IN (?,?) AND (? IS NULL OR listing_type = ?)
Hibernate: SELECT MIN(offered_price) FROM listings WHERE is_deleted = false AND status = 'ACTIVE' AND is_active = true AND created_at >= CURRENT_DATE AND category_id IN (?,?) AND (? IS NULL OR listing_type = ?)
Hibernate: select u1_0.id,u1_0.app_usage_role,u1_0.created_at,u1_0.first_name,u1_0.last_name,u1_0.mobile_number,u1_0.otp_expiry,u1_0.password,u1_0.preferred_language,u1_0.reset_otp,u1_0.user_id from users u1_0 where u1_0.mobile_number=?
Hibernate: SELECT * FROM stat_tiles WHERE is_active = true ORDER BY display_order ASC
Hibernate: SELECT COUNT(*) FROM listings WHERE is_deleted = false AND status = 'ACTIVE' AND is_active = true
Hibernate: SELECT COUNT(DISTINCT address->>'district') FROM listings WHERE is_deleted = false AND address->>'district' IS NOT NULL
Hibernate: select count(bp1_0.id) from business_profiles bp1_0 where bp1_0.verification_status=? and bp1_0.is_deleted=false
Hibernate: SELECT COUNT(*) FROM listings WHERE is_deleted = false AND created_at >= CURRENT_DATE
Hibernate: select u1_0.id,u1_0.app_usage_role,u1_0.created_at,u1_0.first_name,u1_0.last_name,u1_0.mobile_number,u1_0.otp_expiry,u1_0.password,u1_0.preferred_language,u1_0.reset_otp,u1_0.user_id from users u1_0 where u1_0.mobile_number=?
Hibernate: select dg1_0.id,dg1_0.accent_color,dg1_0.backend_ui,dg1_0.background_image_url,dg1_0.badge_en,dg1_0.badge_hi,dg1_0.category_keys,dg1_0.created_at,dg1_0.cta_type,dg1_0.cta_value,dg1_0.display_order,dg1_0.group_key,dg1_0.icon,dg1_0.is_active,dg1_0.label_en,dg1_0.label_hi,dg1_0.listing_type,dg1_0.unit_en,dg1_0.unit_hi,dg1_0.updated_at,dg1_0.updated_by from deal_groups dg1_0 where dg1_0.group_key=?
Hibernate: select mc1_0.id,mc1_0.action_type,mc1_0.category_key,mc1_0.category_name_en,mc1_0.category_name_hi,mc1_0.created_at,mc1_0.display_order,mc1_0.icon_url,mc1_0.is_active,mc1_0.link_key,mc1_0.module_id,mc1_0.parent_id from module_categories mc1_0 where mc1_0.category_key=?
Hibernate: SELECT l.* FROM listings l WHERE l.is_deleted = false AND l.status = 'ACTIVE' AND l.is_active = true AND l.created_at >= CURRENT_DATE AND l.category_id IN (?) AND (? IS NULL OR l.listing_type = ?) AND (CAST(? AS float8) IS NULL OR (       l.latitude  BETWEEN CAST(? AS float8) AND CAST(? AS float8)   AND l.longitude BETWEEN CAST(? AS float8) AND CAST(? AS float8))) ORDER BY l.offered_price ASC, l.created_at DESC fetch first ? rows only
Hibernate: select us1_0.id,us1_0.auto_renew,us1_0.created_at,us1_0.expires_at,us1_0.granted_by,us1_0.notes,us1_0.payment_gateway,us1_0.payment_ref,us1_0.plan_id,us1_0.started_at,us1_0.status,us1_0.subscription_id,us1_0.updated_at,us1_0.user_id from user_subscriptions us1_0 where us1_0.user_id=? and us1_0.status='ACTIVE' and us1_0.expires_at>?
Hibernate: select bp1_0.id,bp1_0.address,bp1_0.attributes,bp1_0.block_reason,bp1_0.business_name,bp1_0.created_at,bp1_0.documents,bp1_0.form_id,bp1_0.form_version,bp1_0.is_active,bp1_0.is_deleted,bp1_0.is_visible,bp1_0.latitude,bp1_0.longitude,bp1_0.profile_id,bp1_0.profile_type,bp1_0.reject_reason,bp1_0.updated_at,bp1_0.user_id,bp1_0.verification_status,bp1_0.verified_at,bp1_0.verified_by from business_profiles bp1_0 where bp1_0.user_id=? and bp1_0.verification_status=? and bp1_0.is_deleted=false
Hibernate: select u1_0.id,u1_0.app_usage_role,u1_0.created_at,u1_0.first_name,u1_0.last_name,u1_0.mobile_number,u1_0.otp_expiry,u1_0.password,u1_0.preferred_language,u1_0.reset_otp,u1_0.user_id from users u1_0 where u1_0.mobile_number=?
Hibernate: SELECT * FROM stat_tiles WHERE is_active = true ORDER BY display_order ASC
Hibernate: SELECT COUNT(*) FROM listings WHERE is_deleted = false AND status = 'ACTIVE' AND is_active = true
Hibernate: SELECT COUNT(DISTINCT address->>'district') FROM listings WHERE is_deleted = false AND address->>'district' IS NOT NULL
Hibernate: select count(bp1_0.id) from business_profiles bp1_0 where bp1_0.verification_status=? and bp1_0.is_deleted=false
Hibernate: SELECT COUNT(*) FROM listings WHERE is_deleted = false AND created_at >= CURRENT_DATE
Hibernate: select u1_0.id,u1_0.app_usage_role,u1_0.created_at,u1_0.first_name,u1_0.last_name,u1_0.mobile_number,u1_0.otp_expiry,u1_0.password,u1_0.preferred_language,u1_0.reset_otp,u1_0.user_id from users u1_0 where u1_0.mobile_number=?
Hibernate: select dg1_0.id,dg1_0.accent_color,dg1_0.backend_ui,dg1_0.background_image_url,dg1_0.badge_en,dg1_0.badge_hi,dg1_0.category_keys,dg1_0.created_at,dg1_0.cta_type,dg1_0.cta_value,dg1_0.display_order,dg1_0.group_key,dg1_0.icon,dg1_0.is_active,dg1_0.label_en,dg1_0.label_hi,dg1_0.listing_type,dg1_0.unit_en,dg1_0.unit_hi,dg1_0.updated_at,dg1_0.updated_by from deal_groups dg1_0 where dg1_0.group_key=?
Hibernate: select mc1_0.id,mc1_0.action_type,mc1_0.category_key,mc1_0.category_name_en,mc1_0.category_name_hi,mc1_0.created_at,mc1_0.display_order,mc1_0.icon_url,mc1_0.is_active,mc1_0.link_key,mc1_0.module_id,mc1_0.parent_id from module_categories mc1_0 where mc1_0.category_key=?
Hibernate: select mc1_0.id,mc1_0.action_type,mc1_0.category_key,mc1_0.category_name_en,mc1_0.category_name_hi,mc1_0.created_at,mc1_0.display_order,mc1_0.icon_url,mc1_0.is_active,mc1_0.link_key,mc1_0.module_id,mc1_0.parent_id from module_categories mc1_0 where mc1_0.category_key=?
Hibernate: SELECT l.* FROM listings l WHERE l.is_deleted = false AND l.status = 'ACTIVE' AND l.is_active = true AND l.created_at >= CURRENT_DATE AND l.category_id IN (?,?) AND (? IS NULL OR l.listing_type = ?) AND (CAST(? AS float8) IS NULL OR (       l.latitude  BETWEEN CAST(? AS float8) AND CAST(? AS float8)   AND l.longitude BETWEEN CAST(? AS float8) AND CAST(? AS float8))) ORDER BY l.offered_price ASC, l.created_at DESC fetch first ? rows only
Hibernate: select us1_0.id,us1_0.auto_renew,us1_0.created_at,us1_0.expires_at,us1_0.granted_by,us1_0.notes,us1_0.payment_gateway,us1_0.payment_ref,us1_0.plan_id,us1_0.started_at,us1_0.status,us1_0.subscription_id,us1_0.updated_at,us1_0.user_id from user_subscriptions us1_0 where us1_0.user_id=? and us1_0.status='ACTIVE' and us1_0.expires_at>?
Hibernate: select bp1_0.id,bp1_0.address,bp1_0.attributes,bp1_0.block_reason,bp1_0.business_name,bp1_0.created_at,bp1_0.documents,bp1_0.form_id,bp1_0.form_version,bp1_0.is_active,bp1_0.is_deleted,bp1_0.is_visible,bp1_0.latitude,bp1_0.longitude,bp1_0.profile_id,bp1_0.profile_type,bp1_0.reject_reason,bp1_0.updated_at,bp1_0.user_id,bp1_0.verification_status,bp1_0.verified_at,bp1_0.verified_by from business_profiles bp1_0 where bp1_0.user_id=? and bp1_0.verification_status=? and bp1_0.is_deleted=false
Hibernate: select u1_0.id,u1_0.app_usage_role,u1_0.created_at,u1_0.first_name,u1_0.last_name,u1_0.mobile_number,u1_0.otp_expiry,u1_0.password,u1_0.preferred_language,u1_0.reset_otp,u1_0.user_id from users u1_0 where u1_0.mobile_number=?
Hibernate: SELECT * FROM stat_tiles WHERE is_active = true ORDER BY display_order ASC
Hibernate: SELECT COUNT(*) FROM listings WHERE is_deleted = false AND status = 'ACTIVE' AND is_active = true
Hibernate: SELECT COUNT(DISTINCT address->>'district') FROM listings WHERE is_deleted = false AND address->>'district' IS NOT NULL
Hibernate: select count(bp1_0.id) from business_profiles bp1_0 where bp1_0.verification_status=? and bp1_0.is_deleted=false
Hibernate: SELECT COUNT(*) FROM listings WHERE is_deleted = false AND created_at >= CURRENT_DATE
Hibernate: select u1_0.id,u1_0.app_usage_role,u1_0.created_at,u1_0.first_name,u1_0.last_name,u1_0.mobile_number,u1_0.otp_expiry,u1_0.password,u1_0.preferred_language,u1_0.reset_otp,u1_0.user_id from users u1_0 where u1_0.mobile_number=?
Hibernate: select dg1_0.id,dg1_0.accent_color,dg1_0.backend_ui,dg1_0.background_image_url,dg1_0.badge_en,dg1_0.badge_hi,dg1_0.category_keys,dg1_0.created_at,dg1_0.cta_type,dg1_0.cta_value,dg1_0.display_order,dg1_0.group_key,dg1_0.icon,dg1_0.is_active,dg1_0.label_en,dg1_0.label_hi,dg1_0.listing_type,dg1_0.unit_en,dg1_0.unit_hi,dg1_0.updated_at,dg1_0.updated_by from deal_groups dg1_0 where dg1_0.group_key=?
Hibernate: select mc1_0.id,mc1_0.action_type,mc1_0.category_key,mc1_0.category_name_en,mc1_0.category_name_hi,mc1_0.created_at,mc1_0.display_order,mc1_0.icon_url,mc1_0.is_active,mc1_0.link_key,mc1_0.module_id,mc1_0.parent_id from module_categories mc1_0 where mc1_0.category_key=?
Hibernate: SELECT l.* FROM listings l WHERE l.is_deleted = false AND l.status = 'ACTIVE' AND l.is_active = true AND l.created_at >= CURRENT_DATE AND l.category_id IN (?) AND (? IS NULL OR l.listing_type = ?) AND (CAST(? AS float8) IS NULL OR (       l.latitude  BETWEEN CAST(? AS float8) AND CAST(? AS float8)   AND l.longitude BETWEEN CAST(? AS float8) AND CAST(? AS float8))) ORDER BY l.offered_price ASC, l.created_at DESC fetch first ? rows only
Hibernate: select us1_0.id,us1_0.auto_renew,us1_0.created_at,us1_0.expires_at,us1_0.granted_by,us1_0.notes,us1_0.payment_gateway,us1_0.payment_ref,us1_0.plan_id,us1_0.started_at,us1_0.status,us1_0.subscription_id,us1_0.updated_at,us1_0.user_id from user_subscriptions us1_0 where us1_0.user_id=? and us1_0.status='ACTIVE' and us1_0.expires_at>?
Hibernate: select bp1_0.id,bp1_0.address,bp1_0.attributes,bp1_0.block_reason,bp1_0.business_name,bp1_0.created_at,bp1_0.documents,bp1_0.form_id,bp1_0.form_version,bp1_0.is_active,bp1_0.is_deleted,bp1_0.is_visible,bp1_0.latitude,bp1_0.longitude,bp1_0.profile_id,bp1_0.profile_type,bp1_0.reject_reason,bp1_0.updated_at,bp1_0.user_id,bp1_0.verification_status,bp1_0.verified_at,bp1_0.verified_by from business_profiles bp1_0 where bp1_0.user_id=? and bp1_0.verification_status=? and bp1_0.is_deleted=false
Hibernate: select u1_0.id,u1_0.app_usage_role,u1_0.created_at,u1_0.first_name,u1_0.last_name,u1_0.mobile_number,u1_0.otp_expiry,u1_0.password,u1_0.preferred_language,u1_0.reset_otp,u1_0.user_id from users u1_0 where u1_0.mobile_number=?
Hibernate: SELECT * FROM stat_tiles WHERE is_active = true ORDER BY display_order ASC
Hibernate: SELECT COUNT(*) FROM listings WHERE is_deleted = false AND status = 'ACTIVE' AND is_active = true
Hibernate: SELECT COUNT(DISTINCT address->>'district') FROM listings WHERE is_deleted = false AND address->>'district' IS NOT NULL
Hibernate: select count(bp1_0.id) from business_profiles bp1_0 where bp1_0.verification_status=? and bp1_0.is_deleted=false
Hibernate: SELECT COUNT(*) FROM listings WHERE is_deleted = false AND created_at >= CURRENT_DATE
Hibernate: select u1_0.id,u1_0.app_usage_role,u1_0.created_at,u1_0.first_name,u1_0.last_name,u1_0.mobile_number,u1_0.otp_expiry,u1_0.password,u1_0.preferred_language,u1_0.reset_otp,u1_0.user_id from users u1_0 where u1_0.mobile_number=?
Hibernate: select dg1_0.id,dg1_0.accent_color,dg1_0.backend_ui,dg1_0.background_image_url,dg1_0.badge_en,dg1_0.badge_hi,dg1_0.category_keys,dg1_0.created_at,dg1_0.cta_type,dg1_0.cta_value,dg1_0.display_order,dg1_0.group_key,dg1_0.icon,dg1_0.is_active,dg1_0.label_en,dg1_0.label_hi,dg1_0.listing_type,dg1_0.unit_en,dg1_0.unit_hi,dg1_0.updated_at,dg1_0.updated_by from deal_groups dg1_0 where dg1_0.group_key=?
Hibernate: select mc1_0.id,mc1_0.action_type,mc1_0.category_key,mc1_0.category_name_en,mc1_0.category_name_hi,mc1_0.created_at,mc1_0.display_order,mc1_0.icon_url,mc1_0.is_active,mc1_0.link_key,mc1_0.module_id,mc1_0.parent_id from module_categories mc1_0 where mc1_0.category_key=?
Hibernate: select mc1_0.id,mc1_0.action_type,mc1_0.category_key,mc1_0.category_name_en,mc1_0.category_name_hi,mc1_0.created_at,mc1_0.display_order,mc1_0.icon_url,mc1_0.is_active,mc1_0.link_key,mc1_0.module_id,mc1_0.parent_id from module_categories mc1_0 where mc1_0.category_key=?
Hibernate: SELECT l.* FROM listings l WHERE l.is_deleted = false AND l.status = 'ACTIVE' AND l.is_active = true AND l.created_at >= CURRENT_DATE AND l.category_id IN (?,?) AND (? IS NULL OR l.listing_type = ?) AND (CAST(? AS float8) IS NULL OR (       l.latitude  BETWEEN CAST(? AS float8) AND CAST(? AS float8)   AND l.longitude BETWEEN CAST(? AS float8) AND CAST(? AS float8))) ORDER BY l.offered_price ASC, l.created_at DESC fetch first ? rows only
Hibernate: select us1_0.id,us1_0.auto_renew,us1_0.created_at,us1_0.expires_at,us1_0.granted_by,us1_0.notes,us1_0.payment_gateway,us1_0.payment_ref,us1_0.plan_id,us1_0.started_at,us1_0.status,us1_0.subscription_id,us1_0.updated_at,us1_0.user_id from user_subscriptions us1_0 where us1_0.user_id=? and us1_0.status='ACTIVE' and us1_0.expires_at>?
Hibernate: select bp1_0.id,bp1_0.address,bp1_0.attributes,bp1_0.block_reason,bp1_0.business_name,bp1_0.created_at,bp1_0.documents,bp1_0.form_id,bp1_0.form_version,bp1_0.is_active,bp1_0.is_deleted,bp1_0.is_visible,bp1_0.latitude,bp1_0.longitude,bp1_0.profile_id,bp1_0.profile_type,bp1_0.reject_reason,bp1_0.updated_at,bp1_0.user_id,bp1_0.verification_status,bp1_0.verified_at,bp1_0.verified_by from business_profiles bp1_0 where bp1_0.user_id=? and bp1_0.verification_status=? and bp1_0.is_deleted=false
Hibernate: select u1_0.id,u1_0.app_usage_role,u1_0.created_at,u1_0.first_name,u1_0.last_name,u1_0.mobile_number,u1_0.otp_expiry,u1_0.password,u1_0.preferred_language,u1_0.reset_otp,u1_0.user_id from users u1_0 where u1_0.mobile_number=?
Hibernate: SELECT * FROM stat_tiles WHERE is_active = true ORDER BY display_order ASC
Hibernate: SELECT COUNT(*) FROM listings WHERE is_deleted = false AND status = 'ACTIVE' AND is_active = true
Hibernate: SELECT COUNT(DISTINCT address->>'district') FROM listings WHERE is_deleted = false AND address->>'district' IS NOT NULL
Hibernate: select count(bp1_0.id) from business_profiles bp1_0 where bp1_0.verification_status=? and bp1_0.is_deleted=false
Hibernate: SELECT COUNT(*) FROM listings WHERE is_deleted = false AND created_at >= CURRENT_DATE
Hibernate: select dg1_0.id,dg1_0.accent_color,dg1_0.backend_ui,dg1_0.background_image_url,dg1_0.badge_en,dg1_0.badge_hi,dg1_0.category_keys,dg1_0.created_at,dg1_0.cta_type,dg1_0.cta_value,dg1_0.display_order,dg1_0.group_key,dg1_0.icon,dg1_0.is_active,dg1_0.label_en,dg1_0.label_hi,dg1_0.listing_type,dg1_0.unit_en,dg1_0.unit_hi,dg1_0.updated_at,dg1_0.updated_by from deal_groups dg1_0 where dg1_0.is_active=true order by dg1_0.display_order
Hibernate: select mc1_0.id,mc1_0.action_type,mc1_0.category_key,mc1_0.category_name_en,mc1_0.category_name_hi,mc1_0.created_at,mc1_0.display_order,mc1_0.icon_url,mc1_0.is_active,mc1_0.link_key,mc1_0.module_id,mc1_0.parent_id from module_categories mc1_0 where mc1_0.category_key=?
Hibernate: SELECT COUNT(*) FROM listings WHERE is_deleted = false AND status = 'ACTIVE' AND is_active = true AND created_at >= CURRENT_DATE AND category_id IN (?) AND (? IS NULL OR listing_type = ?)
Hibernate: SELECT MIN(offered_price) FROM listings WHERE is_deleted = false AND status = 'ACTIVE' AND is_active = true AND created_at >= CURRENT_DATE AND category_id IN (?) AND (? IS NULL OR listing_type = ?)
Hibernate: select mc1_0.id,mc1_0.action_type,mc1_0.category_key,mc1_0.category_name_en,mc1_0.category_name_hi,mc1_0.created_at,mc1_0.display_order,mc1_0.icon_url,mc1_0.is_active,mc1_0.link_key,mc1_0.module_id,mc1_0.parent_id from module_categories mc1_0 where mc1_0.category_key=?
Hibernate: SELECT COUNT(*) FROM listings WHERE is_deleted = false AND status = 'ACTIVE' AND is_active = true AND created_at >= CURRENT_DATE AND category_id IN (?) AND (? IS NULL OR listing_type = ?)
Hibernate: select mc1_0.id,mc1_0.action_type,mc1_0.category_key,mc1_0.category_name_en,mc1_0.category_name_hi,mc1_0.created_at,mc1_0.display_order,mc1_0.icon_url,mc1_0.is_active,mc1_0.link_key,mc1_0.module_id,mc1_0.parent_id from module_categories mc1_0 where mc1_0.category_key=?
Hibernate: SELECT COUNT(*) FROM listings WHERE is_deleted = false AND status = 'ACTIVE' AND is_active = true AND created_at >= CURRENT_DATE AND category_id IN (?) AND (? IS NULL OR listing_type = ?)
Hibernate: select mc1_0.id,mc1_0.action_type,mc1_0.category_key,mc1_0.category_name_en,mc1_0.category_name_hi,mc1_0.created_at,mc1_0.display_order,mc1_0.icon_url,mc1_0.is_active,mc1_0.link_key,mc1_0.module_id,mc1_0.parent_id from module_categories mc1_0 where mc1_0.category_key=?
Hibernate: select mc1_0.id,mc1_0.action_type,mc1_0.category_key,mc1_0.category_name_en,mc1_0.category_name_hi,mc1_0.created_at,mc1_0.display_order,mc1_0.icon_url,mc1_0.is_active,mc1_0.link_key,mc1_0.module_id,mc1_0.parent_id from module_categories mc1_0 where mc1_0.category_key=?
Hibernate: SELECT COUNT(*) FROM listings WHERE is_deleted = false AND status = 'ACTIVE' AND is_active = true AND created_at >= CURRENT_DATE AND category_id IN (?,?) AND (? IS NULL OR listing_type = ?)
Hibernate: SELECT MIN(offered_price) FROM listings WHERE is_deleted = false AND status = 'ACTIVE' AND is_active = true AND created_at >= CURRENT_DATE AND category_id IN (?,?) AND (? IS NULL OR listing_type = ?)
Hibernate: select dg1_0.id,dg1_0.accent_color,dg1_0.backend_ui,dg1_0.background_image_url,dg1_0.badge_en,dg1_0.badge_hi,dg1_0.category_keys,dg1_0.created_at,dg1_0.cta_type,dg1_0.cta_value,dg1_0.display_order,dg1_0.group_key,dg1_0.icon,dg1_0.is_active,dg1_0.label_en,dg1_0.label_hi,dg1_0.listing_type,dg1_0.unit_en,dg1_0.unit_hi,dg1_0.updated_at,dg1_0.updated_by from deal_groups dg1_0 where dg1_0.is_active=true order by dg1_0.display_order
Hibernate: select mc1_0.id,mc1_0.action_type,mc1_0.category_key,mc1_0.category_name_en,mc1_0.category_name_hi,mc1_0.created_at,mc1_0.display_order,mc1_0.icon_url,mc1_0.is_active,mc1_0.link_key,mc1_0.module_id,mc1_0.parent_id from module_categories mc1_0 where mc1_0.category_key=?
Hibernate: SELECT COUNT(*) FROM listings WHERE is_deleted = false AND status = 'ACTIVE' AND is_active = true AND created_at >= CURRENT_DATE AND category_id IN (?) AND (? IS NULL OR listing_type = ?)
Hibernate: SELECT MIN(offered_price) FROM listings WHERE is_deleted = false AND status = 'ACTIVE' AND is_active = true AND created_at >= CURRENT_DATE AND category_id IN (?) AND (? IS NULL OR listing_type = ?)
Hibernate: select mc1_0.id,mc1_0.action_type,mc1_0.category_key,mc1_0.category_name_en,mc1_0.category_name_hi,mc1_0.created_at,mc1_0.display_order,mc1_0.icon_url,mc1_0.is_active,mc1_0.link_key,mc1_0.module_id,mc1_0.parent_id from module_categories mc1_0 where mc1_0.category_key=?
Hibernate: SELECT COUNT(*) FROM listings WHERE is_deleted = false AND status = 'ACTIVE' AND is_active = true AND created_at >= CURRENT_DATE AND category_id IN (?) AND (? IS NULL OR listing_type = ?)
Hibernate: select mc1_0.id,mc1_0.action_type,mc1_0.category_key,mc1_0.category_name_en,mc1_0.category_name_hi,mc1_0.created_at,mc1_0.display_order,mc1_0.icon_url,mc1_0.is_active,mc1_0.link_key,mc1_0.module_id,mc1_0.parent_id from module_categories mc1_0 where mc1_0.category_key=?
Hibernate: SELECT COUNT(*) FROM listings WHERE is_deleted = false AND status = 'ACTIVE' AND is_active = true AND created_at >= CURRENT_DATE AND category_id IN (?) AND (? IS NULL OR listing_type = ?)
Hibernate: select mc1_0.id,mc1_0.action_type,mc1_0.category_key,mc1_0.category_name_en,mc1_0.category_name_hi,mc1_0.created_at,mc1_0.display_order,mc1_0.icon_url,mc1_0.is_active,mc1_0.link_key,mc1_0.module_id,mc1_0.parent_id from module_categories mc1_0 where mc1_0.category_key=?
Hibernate: select mc1_0.id,mc1_0.action_type,mc1_0.category_key,mc1_0.category_name_en,mc1_0.category_name_hi,mc1_0.created_at,mc1_0.display_order,mc1_0.icon_url,mc1_0.is_active,mc1_0.link_key,mc1_0.module_id,mc1_0.parent_id from module_categories mc1_0 where mc1_0.category_key=?
Hibernate: SELECT COUNT(*) FROM listings WHERE is_deleted = false AND status = 'ACTIVE' AND is_active = true AND created_at >= CURRENT_DATE AND category_id IN (?,?) AND (? IS NULL OR listing_type = ?)
Hibernate: SELECT MIN(offered_price) FROM listings WHERE is_deleted = false AND status = 'ACTIVE' AND is_active = true AND created_at >= CURRENT_DATE AND category_id IN (?,?) AND (? IS NULL OR listing_type = ?)
Hibernate: select dg1_0.id,dg1_0.accent_color,dg1_0.backend_ui,dg1_0.background_image_url,dg1_0.badge_en,dg1_0.badge_hi,dg1_0.category_keys,dg1_0.created_at,dg1_0.cta_type,dg1_0.cta_value,dg1_0.display_order,dg1_0.group_key,dg1_0.icon,dg1_0.is_active,dg1_0.label_en,dg1_0.label_hi,dg1_0.listing_type,dg1_0.unit_en,dg1_0.unit_hi,dg1_0.updated_at,dg1_0.updated_by from deal_groups dg1_0 where dg1_0.is_active=true order by dg1_0.display_order
Hibernate: select mc1_0.id,mc1_0.action_type,mc1_0.category_key,mc1_0.category_name_en,mc1_0.category_name_hi,mc1_0.created_at,mc1_0.display_order,mc1_0.icon_url,mc1_0.is_active,mc1_0.link_key,mc1_0.module_id,mc1_0.parent_id from module_categories mc1_0 where mc1_0.category_key=?
Hibernate: SELECT COUNT(*) FROM listings WHERE is_deleted = false AND status = 'ACTIVE' AND is_active = true AND created_at >= CURRENT_DATE AND category_id IN (?) AND (? IS NULL OR listing_type = ?)
Hibernate: SELECT MIN(offered_price) FROM listings WHERE is_deleted = false AND status = 'ACTIVE' AND is_active = true AND created_at >= CURRENT_DATE AND category_id IN (?) AND (? IS NULL OR listing_type = ?)
Hibernate: select mc1_0.id,mc1_0.action_type,mc1_0.category_key,mc1_0.category_name_en,mc1_0.category_name_hi,mc1_0.created_at,mc1_0.display_order,mc1_0.icon_url,mc1_0.is_active,mc1_0.link_key,mc1_0.module_id,mc1_0.parent_id from module_categories mc1_0 where mc1_0.category_key=?
Hibernate: SELECT COUNT(*) FROM listings WHERE is_deleted = false AND status = 'ACTIVE' AND is_active = true AND created_at >= CURRENT_DATE AND category_id IN (?) AND (? IS NULL OR listing_type = ?)
Hibernate: select mc1_0.id,mc1_0.action_type,mc1_0.category_key,mc1_0.category_name_en,mc1_0.category_name_hi,mc1_0.created_at,mc1_0.display_order,mc1_0.icon_url,mc1_0.is_active,mc1_0.link_key,mc1_0.module_id,mc1_0.parent_id from module_categories mc1_0 where mc1_0.category_key=?
Hibernate: SELECT COUNT(*) FROM listings WHERE is_deleted = false AND status = 'ACTIVE' AND is_active = true AND created_at >= CURRENT_DATE AND category_id IN (?) AND (? IS NULL OR listing_type = ?)
Hibernate: select mc1_0.id,mc1_0.action_type,mc1_0.category_key,mc1_0.category_name_en,mc1_0.category_name_hi,mc1_0.created_at,mc1_0.display_order,mc1_0.icon_url,mc1_0.is_active,mc1_0.link_key,mc1_0.module_id,mc1_0.parent_id from module_categories mc1_0 where mc1_0.category_key=?
Hibernate: select mc1_0.id,mc1_0.action_type,mc1_0.category_key,mc1_0.category_name_en,mc1_0.category_name_hi,mc1_0.created_at,mc1_0.display_order,mc1_0.icon_url,mc1_0.is_active,mc1_0.link_key,mc1_0.module_id,mc1_0.parent_id from module_categories mc1_0 where mc1_0.category_key=?
Hibernate: SELECT COUNT(*) FROM listings WHERE is_deleted = false AND status = 'ACTIVE' AND is_active = true AND created_at >= CURRENT_DATE AND category_id IN (?,?) AND (? IS NULL OR listing_type = ?)
Hibernate: SELECT MIN(offered_price) FROM listings WHERE is_deleted = false AND status = 'ACTIVE' AND is_active = true AND created_at >= CURRENT_DATE AND category_id IN (?,?) AND (? IS NULL OR listing_type = ?)
Hibernate: select dg1_0.id,dg1_0.accent_color,dg1_0.backend_ui,dg1_0.background_image_url,dg1_0.badge_en,dg1_0.badge_hi,dg1_0.category_keys,dg1_0.created_at,dg1_0.cta_type,dg1_0.cta_value,dg1_0.display_order,dg1_0.group_key,dg1_0.icon,dg1_0.is_active,dg1_0.label_en,dg1_0.label_hi,dg1_0.listing_type,dg1_0.unit_en,dg1_0.unit_hi,dg1_0.updated_at,dg1_0.updated_by from deal_groups dg1_0 where dg1_0.is_active=true order by dg1_0.display_order
Hibernate: select mc1_0.id,mc1_0.action_type,mc1_0.category_key,mc1_0.category_name_en,mc1_0.category_name_hi,mc1_0.created_at,mc1_0.display_order,mc1_0.icon_url,mc1_0.is_active,mc1_0.link_key,mc1_0.module_id,mc1_0.parent_id from module_categories mc1_0 where mc1_0.category_key=?
Hibernate: SELECT COUNT(*) FROM listings WHERE is_deleted = false AND status = 'ACTIVE' AND is_active = true AND created_at >= CURRENT_DATE AND category_id IN (?) AND (? IS NULL OR listing_type = ?)
Hibernate: SELECT MIN(offered_price) FROM listings WHERE is_deleted = false AND status = 'ACTIVE' AND is_active = true AND created_at >= CURRENT_DATE AND category_id IN (?) AND (? IS NULL OR listing_type = ?)
Hibernate: select mc1_0.id,mc1_0.action_type,mc1_0.category_key,mc1_0.category_name_en,mc1_0.category_name_hi,mc1_0.created_at,mc1_0.display_order,mc1_0.icon_url,mc1_0.is_active,mc1_0.link_key,mc1_0.module_id,mc1_0.parent_id from module_categories mc1_0 where mc1_0.category_key=?
Hibernate: SELECT COUNT(*) FROM listings WHERE is_deleted = false AND status = 'ACTIVE' AND is_active = true AND created_at >= CURRENT_DATE AND category_id IN (?) AND (? IS NULL OR listing_type = ?)
Hibernate: select mc1_0.id,mc1_0.action_type,mc1_0.category_key,mc1_0.category_name_en,mc1_0.category_name_hi,mc1_0.created_at,mc1_0.display_order,mc1_0.icon_url,mc1_0.is_active,mc1_0.link_key,mc1_0.module_id,mc1_0.parent_id from module_categories mc1_0 where mc1_0.category_key=?
Hibernate: SELECT COUNT(*) FROM listings WHERE is_deleted = false AND status = 'ACTIVE' AND is_active = true AND created_at >= CURRENT_DATE AND category_id IN (?) AND (? IS NULL OR listing_type = ?)
Hibernate: select mc1_0.id,mc1_0.action_type,mc1_0.category_key,mc1_0.category_name_en,mc1_0.category_name_hi,mc1_0.created_at,mc1_0.display_order,mc1_0.icon_url,mc1_0.is_active,mc1_0.link_key,mc1_0.module_id,mc1_0.parent_id from module_categories mc1_0 where mc1_0.category_key=?
Hibernate: select mc1_0.id,mc1_0.action_type,mc1_0.category_key,mc1_0.category_name_en,mc1_0.category_name_hi,mc1_0.created_at,mc1_0.display_order,mc1_0.icon_url,mc1_0.is_active,mc1_0.link_key,mc1_0.module_id,mc1_0.parent_id from module_categories mc1_0 where mc1_0.category_key=?
Hibernate: SELECT COUNT(*) FROM listings WHERE is_deleted = false AND status = 'ACTIVE' AND is_active = true AND created_at >= CURRENT_DATE AND category_id IN (?,?) AND (? IS NULL OR listing_type = ?)
Hibernate: SELECT MIN(offered_price) FROM listings WHERE is_deleted = false AND status = 'ACTIVE' AND is_active = true AND created_at >= CURRENT_DATE AND category_id IN (?,?) AND (? IS NULL OR listing_type = ?)
Hibernate: select dg1_0.id,dg1_0.accent_color,dg1_0.backend_ui,dg1_0.background_image_url,dg1_0.badge_en,dg1_0.badge_hi,dg1_0.category_keys,dg1_0.created_at,dg1_0.cta_type,dg1_0.cta_value,dg1_0.display_order,dg1_0.group_key,dg1_0.icon,dg1_0.is_active,dg1_0.label_en,dg1_0.label_hi,dg1_0.listing_type,dg1_0.unit_en,dg1_0.unit_hi,dg1_0.updated_at,dg1_0.updated_by from deal_groups dg1_0 where dg1_0.is_active=true order by dg1_0.display_order
Hibernate: select mc1_0.id,mc1_0.action_type,mc1_0.category_key,mc1_0.category_name_en,mc1_0.category_name_hi,mc1_0.created_at,mc1_0.display_order,mc1_0.icon_url,mc1_0.is_active,mc1_0.link_key,mc1_0.module_id,mc1_0.parent_id from module_categories mc1_0 where mc1_0.category_key=?
Hibernate: SELECT COUNT(*) FROM listings WHERE is_deleted = false AND status = 'ACTIVE' AND is_active = true AND created_at >= CURRENT_DATE AND category_id IN (?) AND (? IS NULL OR listing_type = ?)
Hibernate: SELECT MIN(offered_price) FROM listings WHERE is_deleted = false AND status = 'ACTIVE' AND is_active = true AND created_at >= CURRENT_DATE AND category_id IN (?) AND (? IS NULL OR listing_type = ?)
Hibernate: select mc1_0.id,mc1_0.action_type,mc1_0.category_key,mc1_0.category_name_en,mc1_0.category_name_hi,mc1_0.created_at,mc1_0.display_order,mc1_0.icon_url,mc1_0.is_active,mc1_0.link_key,mc1_0.module_id,mc1_0.parent_id from module_categories mc1_0 where mc1_0.category_key=?
Hibernate: SELECT COUNT(*) FROM listings WHERE is_deleted = false AND status = 'ACTIVE' AND is_active = true AND created_at >= CURRENT_DATE AND category_id IN (?) AND (? IS NULL OR listing_type = ?)
Hibernate: select mc1_0.id,mc1_0.action_type,mc1_0.category_key,mc1_0.category_name_en,mc1_0.category_name_hi,mc1_0.created_at,mc1_0.display_order,mc1_0.icon_url,mc1_0.is_active,mc1_0.link_key,mc1_0.module_id,mc1_0.parent_id from module_categories mc1_0 where mc1_0.category_key=?
Hibernate: SELECT COUNT(*) FROM listings WHERE is_deleted = false AND status = 'ACTIVE' AND is_active = true AND created_at >= CURRENT_DATE AND category_id IN (?) AND (? IS NULL OR listing_type = ?)
Hibernate: select mc1_0.id,mc1_0.action_type,mc1_0.category_key,mc1_0.category_name_en,mc1_0.category_name_hi,mc1_0.created_at,mc1_0.display_order,mc1_0.icon_url,mc1_0.is_active,mc1_0.link_key,mc1_0.module_id,mc1_0.parent_id from module_categories mc1_0 where mc1_0.category_key=?
Hibernate: select mc1_0.id,mc1_0.action_type,mc1_0.category_key,mc1_0.category_name_en,mc1_0.category_name_hi,mc1_0.created_at,mc1_0.display_order,mc1_0.icon_url,mc1_0.is_active,mc1_0.link_key,mc1_0.module_id,mc1_0.parent_id from module_categories mc1_0 where mc1_0.category_key=?
Hibernate: SELECT COUNT(*) FROM listings WHERE is_deleted = false AND status = 'ACTIVE' AND is_active = true AND created_at >= CURRENT_DATE AND category_id IN (?,?) AND (? IS NULL OR listing_type = ?)
Hibernate: SELECT MIN(offered_price) FROM listings WHERE is_deleted = false AND status = 'ACTIVE' AND is_active = true AND created_at >= CURRENT_DATE AND category_id IN (?,?) AND (? IS NULL OR listing_type = ?)
Hibernate: select u1_0.id,u1_0.app_usage_role,u1_0.created_at,u1_0.first_name,u1_0.last_name,u1_0.mobile_number,u1_0.otp_expiry,u1_0.password,u1_0.preferred_language,u1_0.reset_otp,u1_0.user_id from users u1_0 where u1_0.mobile_number=?
Hibernate: select u1_0.id,u1_0.app_usage_role,u1_0.created_at,u1_0.first_name,u1_0.last_name,u1_0.mobile_number,u1_0.otp_expiry,u1_0.password,u1_0.preferred_language,u1_0.reset_otp,u1_0.user_id from users u1_0 where u1_0.mobile_number=?
Hibernate: select u1_0.id,u1_0.app_usage_role,u1_0.created_at,u1_0.first_name,u1_0.last_name,u1_0.mobile_number,u1_0.otp_expiry,u1_0.password,u1_0.preferred_language,u1_0.reset_otp,u1_0.user_id from users u1_0 where u1_0.mobile_number=?
Hibernate: select u1_0.id,u1_0.app_usage_role,u1_0.created_at,u1_0.first_name,u1_0.last_name,u1_0.mobile_number,u1_0.otp_expiry,u1_0.password,u1_0.preferred_language,u1_0.reset_otp,u1_0.user_id from users u1_0 where u1_0.mobile_number=?
Hibernate: select u1_0.id,u1_0.app_usage_role,u1_0.created_at,u1_0.first_name,u1_0.last_name,u1_0.mobile_number,u1_0.otp_expiry,u1_0.password,u1_0.preferred_language,u1_0.reset_otp,u1_0.user_id from users u1_0 where u1_0.mobile_number=?
Hibernate: select u1_0.id,u1_0.app_usage_role,u1_0.created_at,u1_0.first_name,u1_0.last_name,u1_0.mobile_number,u1_0.otp_expiry,u1_0.password,u1_0.preferred_language,u1_0.reset_otp,u1_0.user_id from users u1_0 where u1_0.mobile_number=?
Hibernate: select u1_0.id,u1_0.app_usage_role,u1_0.created_at,u1_0.first_name,u1_0.last_name,u1_0.mobile_number,u1_0.otp_expiry,u1_0.password,u1_0.preferred_language,u1_0.reset_otp,u1_0.user_id from users u1_0 where u1_0.mobile_number=?
Hibernate: select ua1_0.id,ua1_0.address_id,ua1_0.alt_mobile_number,ua1_0.city,ua1_0.country,ua1_0.created_at,ua1_0.district,ua1_0.full_address,ua1_0.is_default,ua1_0.is_deleted,ua1_0.label,ua1_0.latitude,ua1_0.longitude,ua1_0.mobile_number,ua1_0.pin_code,ua1_0.state,ua1_0.updated_at,ua1_0.user_id,ua1_0.village from user_addresses ua1_0 where ua1_0.user_id=? and ua1_0.is_deleted=false order by ua1_0.is_default desc,ua1_0.created_at desc
2026-08-08T21:18:23.896+05:30  INFO [trace=9d71b994d0d640bc] 34968 --- [tantra] [nio-8080-exec-2] c.h.t.modules.home.service.HomeService   : [HOME] Building home feed — district=Vijay Nagar lang=EN
Hibernate: select am1_0.id,am1_0.created_at,am1_0.is_active,am1_0.module_key,am1_0.module_name_en,am1_0.module_name_hi from app_modules am1_0 where am1_0.is_active=true
Hibernate: select am1_0.id,am1_0.created_at,am1_0.is_active,am1_0.module_key,am1_0.module_name_en,am1_0.module_name_hi from app_modules am1_0 where am1_0.is_active=true
Hibernate: SELECT l.* FROM listings l INNER JOIN user_subscriptions ss ON ss.user_id = l.user_id AND ss.status = 'ACTIVE' AND ss.expires_at > NOW() INNER JOIN subscription_plans sp ON sp.id = ss.plan_id AND sp.home_feed_slots > 0 WHERE l.is_deleted = false AND l.status = 'ACTIVE' AND l.is_active = true AND (? IS NULL OR l.address->>'district' ILIKE ?) ORDER BY sp.sort_weight ASC, l.created_at DESC LIMIT ?
Hibernate: select am1_0.id,am1_0.created_at,am1_0.is_active,am1_0.module_key,am1_0.module_name_en,am1_0.module_name_hi from app_modules am1_0 where am1_0.is_active=true
Hibernate: select mc1_0.id,mc1_0.action_type,mc1_0.category_key,mc1_0.category_name_en,mc1_0.category_name_hi,mc1_0.created_at,mc1_0.display_order,mc1_0.icon_url,mc1_0.is_active,mc1_0.link_key,mc1_0.module_id,mc1_0.parent_id from module_categories mc1_0 where mc1_0.module_id=? and mc1_0.parent_id is null and mc1_0.is_active=true order by mc1_0.display_order
Hibernate: SELECT l.* FROM listings l LEFT JOIN user_subscriptions ss ON ss.user_id = l.user_id AND ss.status = 'ACTIVE' AND ss.expires_at > NOW() LEFT JOIN subscription_plans sp ON sp.id = ss.plan_id WHERE l.is_deleted = false AND l.status = 'ACTIVE' AND l.is_active = true AND l.module_id = ? AND (? IS NULL OR l.address->>'district' ILIKE ?) ORDER BY COALESCE(sp.sort_weight, 99) ASC, l.created_at DESC LIMIT ?
Hibernate: select mc1_0.id,mc1_0.action_type,mc1_0.category_key,mc1_0.category_name_en,mc1_0.category_name_hi,mc1_0.created_at,mc1_0.display_order,mc1_0.icon_url,mc1_0.is_active,mc1_0.link_key,mc1_0.module_id,mc1_0.parent_id from module_categories mc1_0 where mc1_0.id=?
Hibernate: select us1_0.id,us1_0.auto_renew,us1_0.created_at,us1_0.expires_at,us1_0.granted_by,us1_0.notes,us1_0.payment_gateway,us1_0.payment_ref,us1_0.plan_id,us1_0.started_at,us1_0.status,us1_0.subscription_id,us1_0.updated_at,us1_0.user_id from user_subscriptions us1_0 where us1_0.user_id=? and us1_0.status='ACTIVE' and us1_0.expires_at>?
Hibernate: select bp1_0.id,bp1_0.address,bp1_0.attributes,bp1_0.block_reason,bp1_0.business_name,bp1_0.created_at,bp1_0.documents,bp1_0.form_id,bp1_0.form_version,bp1_0.is_active,bp1_0.is_deleted,bp1_0.is_visible,bp1_0.latitude,bp1_0.longitude,bp1_0.profile_id,bp1_0.profile_type,bp1_0.reject_reason,bp1_0.updated_at,bp1_0.user_id,bp1_0.verification_status,bp1_0.verified_at,bp1_0.verified_by from business_profiles bp1_0 where bp1_0.user_id=? and bp1_0.verification_status=? and bp1_0.is_deleted=false
Hibernate: select us1_0.id,us1_0.auto_renew,us1_0.created_at,us1_0.expires_at,us1_0.granted_by,us1_0.notes,us1_0.payment_gateway,us1_0.payment_ref,us1_0.plan_id,us1_0.started_at,us1_0.status,us1_0.subscription_id,us1_0.updated_at,us1_0.user_id from user_subscriptions us1_0 where us1_0.user_id=? and us1_0.status='ACTIVE' and us1_0.expires_at>?
Hibernate: select bp1_0.id,bp1_0.address,bp1_0.attributes,bp1_0.block_reason,bp1_0.business_name,bp1_0.created_at,bp1_0.documents,bp1_0.form_id,bp1_0.form_version,bp1_0.is_active,bp1_0.is_deleted,bp1_0.is_visible,bp1_0.latitude,bp1_0.longitude,bp1_0.profile_id,bp1_0.profile_type,bp1_0.reject_reason,bp1_0.updated_at,bp1_0.user_id,bp1_0.verification_status,bp1_0.verified_at,bp1_0.verified_by from business_profiles bp1_0 where bp1_0.user_id=? and bp1_0.verification_status=? and bp1_0.is_deleted=false
Hibernate: select mc1_0.id,mc1_0.action_type,mc1_0.category_key,mc1_0.category_name_en,mc1_0.category_name_hi,mc1_0.created_at,mc1_0.display_order,mc1_0.icon_url,mc1_0.is_active,mc1_0.link_key,mc1_0.module_id,mc1_0.parent_id from module_categories mc1_0 where mc1_0.id=?
Hibernate: select us1_0.id,us1_0.auto_renew,us1_0.created_at,us1_0.expires_at,us1_0.granted_by,us1_0.notes,us1_0.payment_gateway,us1_0.payment_ref,us1_0.plan_id,us1_0.started_at,us1_0.status,us1_0.subscription_id,us1_0.updated_at,us1_0.user_id from user_subscriptions us1_0 where us1_0.user_id=? and us1_0.status='ACTIVE' and us1_0.expires_at>?
Hibernate: select bp1_0.id,bp1_0.address,bp1_0.attributes,bp1_0.block_reason,bp1_0.business_name,bp1_0.created_at,bp1_0.documents,bp1_0.form_id,bp1_0.form_version,bp1_0.is_active,bp1_0.is_deleted,bp1_0.is_visible,bp1_0.latitude,bp1_0.longitude,bp1_0.profile_id,bp1_0.profile_type,bp1_0.reject_reason,bp1_0.updated_at,bp1_0.user_id,bp1_0.verification_status,bp1_0.verified_at,bp1_0.verified_by from business_profiles bp1_0 where bp1_0.user_id=? and bp1_0.verification_status=? and bp1_0.is_deleted=false
Hibernate: select us1_0.id,us1_0.auto_renew,us1_0.created_at,us1_0.expires_at,us1_0.granted_by,us1_0.notes,us1_0.payment_gateway,us1_0.payment_ref,us1_0.plan_id,us1_0.started_at,us1_0.status,us1_0.subscription_id,us1_0.updated_at,us1_0.user_id from user_subscriptions us1_0 where us1_0.user_id=? and us1_0.status='ACTIVE' and us1_0.expires_at>?
Hibernate: select bp1_0.id,bp1_0.address,bp1_0.attributes,bp1_0.block_reason,bp1_0.business_name,bp1_0.created_at,bp1_0.documents,bp1_0.form_id,bp1_0.form_version,bp1_0.is_active,bp1_0.is_deleted,bp1_0.is_visible,bp1_0.latitude,bp1_0.longitude,bp1_0.profile_id,bp1_0.profile_type,bp1_0.reject_reason,bp1_0.updated_at,bp1_0.user_id,bp1_0.verification_status,bp1_0.verified_at,bp1_0.verified_by from business_profiles bp1_0 where bp1_0.user_id=? and bp1_0.verification_status=? and bp1_0.is_deleted=false
Hibernate: select us1_0.id,us1_0.auto_renew,us1_0.created_at,us1_0.expires_at,us1_0.granted_by,us1_0.notes,us1_0.payment_gateway,us1_0.payment_ref,us1_0.plan_id,us1_0.started_at,us1_0.status,us1_0.subscription_id,us1_0.updated_at,us1_0.user_id from user_subscriptions us1_0 where us1_0.user_id=? and us1_0.status='ACTIVE' and us1_0.expires_at>?
Hibernate: select bp1_0.id,bp1_0.address,bp1_0.attributes,bp1_0.block_reason,bp1_0.business_name,bp1_0.created_at,bp1_0.documents,bp1_0.form_id,bp1_0.form_version,bp1_0.is_active,bp1_0.is_deleted,bp1_0.is_visible,bp1_0.latitude,bp1_0.longitude,bp1_0.profile_id,bp1_0.profile_type,bp1_0.reject_reason,bp1_0.updated_at,bp1_0.user_id,bp1_0.verification_status,bp1_0.verified_at,bp1_0.verified_by from business_profiles bp1_0 where bp1_0.user_id=? and bp1_0.verification_status=? and bp1_0.is_deleted=false
Hibernate: select mc1_0.id,mc1_0.action_type,mc1_0.category_key,mc1_0.category_name_en,mc1_0.category_name_hi,mc1_0.created_at,mc1_0.display_order,mc1_0.icon_url,mc1_0.is_active,mc1_0.link_key,mc1_0.module_id,mc1_0.parent_id from module_categories mc1_0 where mc1_0.id=?
Hibernate: select us1_0.id,us1_0.auto_renew,us1_0.created_at,us1_0.expires_at,us1_0.granted_by,us1_0.notes,us1_0.payment_gateway,us1_0.payment_ref,us1_0.plan_id,us1_0.started_at,us1_0.status,us1_0.subscription_id,us1_0.updated_at,us1_0.user_id from user_subscriptions us1_0 where us1_0.user_id=? and us1_0.status='ACTIVE' and us1_0.expires_at>?
Hibernate: select bp1_0.id,bp1_0.address,bp1_0.attributes,bp1_0.block_reason,bp1_0.business_name,bp1_0.created_at,bp1_0.documents,bp1_0.form_id,bp1_0.form_version,bp1_0.is_active,bp1_0.is_deleted,bp1_0.is_visible,bp1_0.latitude,bp1_0.longitude,bp1_0.profile_id,bp1_0.profile_type,bp1_0.reject_reason,bp1_0.updated_at,bp1_0.user_id,bp1_0.verification_status,bp1_0.verified_at,bp1_0.verified_by from business_profiles bp1_0 where bp1_0.user_id=? and bp1_0.verification_status=? and bp1_0.is_deleted=false
Hibernate: select mc1_0.id,mc1_0.action_type,mc1_0.category_key,mc1_0.category_name_en,mc1_0.category_name_hi,mc1_0.created_at,mc1_0.display_order,mc1_0.icon_url,mc1_0.is_active,mc1_0.link_key,mc1_0.module_id,mc1_0.parent_id from module_categories mc1_0 where mc1_0.module_id=? and mc1_0.parent_id is null and mc1_0.is_active=true order by mc1_0.display_order
Hibernate: SELECT l.* FROM listings l LEFT JOIN user_subscriptions ss ON ss.user_id = l.user_id AND ss.status = 'ACTIVE' AND ss.expires_at > NOW() LEFT JOIN subscription_plans sp ON sp.id = ss.plan_id WHERE l.is_deleted = false AND l.status = 'ACTIVE' AND l.is_active = true AND l.module_id = ? AND (? IS NULL OR l.address->>'district' ILIKE ?) ORDER BY COALESCE(sp.sort_weight, 99) ASC, l.created_at DESC LIMIT ?
Hibernate: select mc1_0.id,mc1_0.action_type,mc1_0.category_key,mc1_0.category_name_en,mc1_0.category_name_hi,mc1_0.created_at,mc1_0.display_order,mc1_0.icon_url,mc1_0.is_active,mc1_0.link_key,mc1_0.module_id,mc1_0.parent_id from module_categories mc1_0 where mc1_0.id=?
Hibernate: select us1_0.id,us1_0.auto_renew,us1_0.created_at,us1_0.expires_at,us1_0.granted_by,us1_0.notes,us1_0.payment_gateway,us1_0.payment_ref,us1_0.plan_id,us1_0.started_at,us1_0.status,us1_0.subscription_id,us1_0.updated_at,us1_0.user_id from user_subscriptions us1_0 where us1_0.user_id=? and us1_0.status='ACTIVE' and us1_0.expires_at>?
Hibernate: select bp1_0.id,bp1_0.address,bp1_0.attributes,bp1_0.block_reason,bp1_0.business_name,bp1_0.created_at,bp1_0.documents,bp1_0.form_id,bp1_0.form_version,bp1_0.is_active,bp1_0.is_deleted,bp1_0.is_visible,bp1_0.latitude,bp1_0.longitude,bp1_0.profile_id,bp1_0.profile_type,bp1_0.reject_reason,bp1_0.updated_at,bp1_0.user_id,bp1_0.verification_status,bp1_0.verified_at,bp1_0.verified_by from business_profiles bp1_0 where bp1_0.user_id=? and bp1_0.verification_status=? and bp1_0.is_deleted=false
Hibernate: select mc1_0.id,mc1_0.action_type,mc1_0.category_key,mc1_0.category_name_en,mc1_0.category_name_hi,mc1_0.created_at,mc1_0.display_order,mc1_0.icon_url,mc1_0.is_active,mc1_0.link_key,mc1_0.module_id,mc1_0.parent_id from module_categories mc1_0 where mc1_0.id=?
Hibernate: select us1_0.id,us1_0.auto_renew,us1_0.created_at,us1_0.expires_at,us1_0.granted_by,us1_0.notes,us1_0.payment_gateway,us1_0.payment_ref,us1_0.plan_id,us1_0.started_at,us1_0.status,us1_0.subscription_id,us1_0.updated_at,us1_0.user_id from user_subscriptions us1_0 where us1_0.user_id=? and us1_0.status='ACTIVE' and us1_0.expires_at>?
Hibernate: select bp1_0.id,bp1_0.address,bp1_0.attributes,bp1_0.block_reason,bp1_0.business_name,bp1_0.created_at,bp1_0.documents,bp1_0.form_id,bp1_0.form_version,bp1_0.is_active,bp1_0.is_deleted,bp1_0.is_visible,bp1_0.latitude,bp1_0.longitude,bp1_0.profile_id,bp1_0.profile_type,bp1_0.reject_reason,bp1_0.updated_at,bp1_0.user_id,bp1_0.verification_status,bp1_0.verified_at,bp1_0.verified_by from business_profiles bp1_0 where bp1_0.user_id=? and bp1_0.verification_status=? and bp1_0.is_deleted=false
Hibernate: SELECT bp.* FROM business_profiles bp INNER JOIN user_subscriptions ss ON ss.user_id = bp.user_id AND ss.status = 'ACTIVE' AND ss.expires_at > NOW() INNER JOIN subscription_plans sp ON sp.id = ss.plan_id AND sp.profile_highlight = true AND sp.home_feed_slots > 0 WHERE bp.is_deleted = false AND bp.is_active = true AND bp.verification_status = 'APPROVED' AND (? IS NULL OR bp.address->>'district' ILIKE ?) ORDER BY sp.sort_weight ASC, bp.created_at DESC LIMIT ?
Hibernate: select l1_0.id,l1_0.actual_price,l1_0.address,l1_0.address_id,l1_0.attributes,l1_0.category_id,l1_0.contact_number,l1_0.contact_reveal_count,l1_0.created_at,l1_0.created_by,l1_0.discount_expires_at,l1_0.discount_pct,l1_0.favorite_count,l1_0.flash_deal,l1_0.form_id,l1_0.form_version,l1_0.images,l1_0.is_active,l1_0.is_deleted,l1_0.is_negotiable,l1_0.latitude,l1_0.listing_id,l1_0.listing_type,l1_0.longitude,l1_0.module_id,l1_0.offered_price,l1_0.quantity,l1_0.search_vector,l1_0.show_contact,l1_0.status,l1_0.unit,l1_0.updated_at,l1_0.updated_by,l1_0.user_id,l1_0.user_mobile_number,l1_0.view_count from listings l1_0 order by l1_0.created_at desc offset ? rows fetch first ? rows only
Hibernate: select count(l1_0.id) from listings l1_0
Hibernate: select us1_0.id,us1_0.auto_renew,us1_0.created_at,us1_0.expires_at,us1_0.granted_by,us1_0.notes,us1_0.payment_gateway,us1_0.payment_ref,us1_0.plan_id,us1_0.started_at,us1_0.status,us1_0.subscription_id,us1_0.updated_at,us1_0.user_id from user_subscriptions us1_0 where us1_0.user_id=? and us1_0.status='ACTIVE' and us1_0.expires_at>?
Hibernate: select bp1_0.id,bp1_0.address,bp1_0.attributes,bp1_0.block_reason,bp1_0.business_name,bp1_0.created_at,bp1_0.documents,bp1_0.form_id,bp1_0.form_version,bp1_0.is_active,bp1_0.is_deleted,bp1_0.is_visible,bp1_0.latitude,bp1_0.longitude,bp1_0.profile_id,bp1_0.profile_type,bp1_0.reject_reason,bp1_0.updated_at,bp1_0.user_id,bp1_0.verification_status,bp1_0.verified_at,bp1_0.verified_by from business_profiles bp1_0 where bp1_0.user_id=? and bp1_0.verification_status=? and bp1_0.is_deleted=false
Hibernate: select us1_0.id,us1_0.auto_renew,us1_0.created_at,us1_0.expires_at,us1_0.granted_by,us1_0.notes,us1_0.payment_gateway,us1_0.payment_ref,us1_0.plan_id,us1_0.started_at,us1_0.status,us1_0.subscription_id,us1_0.updated_at,us1_0.user_id from user_subscriptions us1_0 where us1_0.user_id=? and us1_0.status='ACTIVE' and us1_0.expires_at>?
Hibernate: select bp1_0.id,bp1_0.address,bp1_0.attributes,bp1_0.block_reason,bp1_0.business_name,bp1_0.created_at,bp1_0.documents,bp1_0.form_id,bp1_0.form_version,bp1_0.is_active,bp1_0.is_deleted,bp1_0.is_visible,bp1_0.latitude,bp1_0.longitude,bp1_0.profile_id,bp1_0.profile_type,bp1_0.reject_reason,bp1_0.updated_at,bp1_0.user_id,bp1_0.verification_status,bp1_0.verified_at,bp1_0.verified_by from business_profiles bp1_0 where bp1_0.user_id=? and bp1_0.verification_status=? and bp1_0.is_deleted=false
Hibernate: select us1_0.id,us1_0.auto_renew,us1_0.created_at,us1_0.expires_at,us1_0.granted_by,us1_0.notes,us1_0.payment_gateway,us1_0.payment_ref,us1_0.plan_id,us1_0.started_at,us1_0.status,us1_0.subscription_id,us1_0.updated_at,us1_0.user_id from user_subscriptions us1_0 where us1_0.user_id=? and us1_0.status='ACTIVE' and us1_0.expires_at>?
Hibernate: select bp1_0.id,bp1_0.address,bp1_0.attributes,bp1_0.block_reason,bp1_0.business_name,bp1_0.created_at,bp1_0.documents,bp1_0.form_id,bp1_0.form_version,bp1_0.is_active,bp1_0.is_deleted,bp1_0.is_visible,bp1_0.latitude,bp1_0.longitude,bp1_0.profile_id,bp1_0.profile_type,bp1_0.reject_reason,bp1_0.updated_at,bp1_0.user_id,bp1_0.verification_status,bp1_0.verified_at,bp1_0.verified_by from business_profiles bp1_0 where bp1_0.user_id=? and bp1_0.verification_status=? and bp1_0.is_deleted=false
Hibernate: select us1_0.id,us1_0.auto_renew,us1_0.created_at,us1_0.expires_at,us1_0.granted_by,us1_0.notes,us1_0.payment_gateway,us1_0.payment_ref,us1_0.plan_id,us1_0.started_at,us1_0.status,us1_0.subscription_id,us1_0.updated_at,us1_0.user_id from user_subscriptions us1_0 where us1_0.user_id=? and us1_0.status='ACTIVE' and us1_0.expires_at>?
Hibernate: select bp1_0.id,bp1_0.address,bp1_0.attributes,bp1_0.block_reason,bp1_0.business_name,bp1_0.created_at,bp1_0.documents,bp1_0.form_id,bp1_0.form_version,bp1_0.is_active,bp1_0.is_deleted,bp1_0.is_visible,bp1_0.latitude,bp1_0.longitude,bp1_0.profile_id,bp1_0.profile_type,bp1_0.reject_reason,bp1_0.updated_at,bp1_0.user_id,bp1_0.verification_status,bp1_0.verified_at,bp1_0.verified_by from business_profiles bp1_0 where bp1_0.user_id=? and bp1_0.verification_status=? and bp1_0.is_deleted=false
Hibernate: select us1_0.id,us1_0.auto_renew,us1_0.created_at,us1_0.expires_at,us1_0.granted_by,us1_0.notes,us1_0.payment_gateway,us1_0.payment_ref,us1_0.plan_id,us1_0.started_at,us1_0.status,us1_0.subscription_id,us1_0.updated_at,us1_0.user_id from user_subscriptions us1_0 where us1_0.user_id=? and us1_0.status='ACTIVE' and us1_0.expires_at>?
Hibernate: select bp1_0.id,bp1_0.address,bp1_0.attributes,bp1_0.block_reason,bp1_0.business_name,bp1_0.created_at,bp1_0.documents,bp1_0.form_id,bp1_0.form_version,bp1_0.is_active,bp1_0.is_deleted,bp1_0.is_visible,bp1_0.latitude,bp1_0.longitude,bp1_0.profile_id,bp1_0.profile_type,bp1_0.reject_reason,bp1_0.updated_at,bp1_0.user_id,bp1_0.verification_status,bp1_0.verified_at,bp1_0.verified_by from business_profiles bp1_0 where bp1_0.user_id=? and bp1_0.verification_status=? and bp1_0.is_deleted=false
Hibernate: select us1_0.id,us1_0.auto_renew,us1_0.created_at,us1_0.expires_at,us1_0.granted_by,us1_0.notes,us1_0.payment_gateway,us1_0.payment_ref,us1_0.plan_id,us1_0.started_at,us1_0.status,us1_0.subscription_id,us1_0.updated_at,us1_0.user_id from user_subscriptions us1_0 where us1_0.user_id=? and us1_0.status='ACTIVE' and us1_0.expires_at>?
Hibernate: select bp1_0.id,bp1_0.address,bp1_0.attributes,bp1_0.block_reason,bp1_0.business_name,bp1_0.created_at,bp1_0.documents,bp1_0.form_id,bp1_0.form_version,bp1_0.is_active,bp1_0.is_deleted,bp1_0.is_visible,bp1_0.latitude,bp1_0.longitude,bp1_0.profile_id,bp1_0.profile_type,bp1_0.reject_reason,bp1_0.updated_at,bp1_0.user_id,bp1_0.verification_status,bp1_0.verified_at,bp1_0.verified_by from business_profiles bp1_0 where bp1_0.user_id=? and bp1_0.verification_status=? and bp1_0.is_deleted=false
Hibernate: select us1_0.id,us1_0.auto_renew,us1_0.created_at,us1_0.expires_at,us1_0.granted_by,us1_0.notes,us1_0.payment_gateway,us1_0.payment_ref,us1_0.plan_id,us1_0.started_at,us1_0.status,us1_0.subscription_id,us1_0.updated_at,us1_0.user_id from user_subscriptions us1_0 where us1_0.user_id=? and us1_0.status='ACTIVE' and us1_0.expires_at>?
Hibernate: select bp1_0.id,bp1_0.address,bp1_0.attributes,bp1_0.block_reason,bp1_0.business_name,bp1_0.created_at,bp1_0.documents,bp1_0.form_id,bp1_0.form_version,bp1_0.is_active,bp1_0.is_deleted,bp1_0.is_visible,bp1_0.latitude,bp1_0.longitude,bp1_0.profile_id,bp1_0.profile_type,bp1_0.reject_reason,bp1_0.updated_at,bp1_0.user_id,bp1_0.verification_status,bp1_0.verified_at,bp1_0.verified_by from business_profiles bp1_0 where bp1_0.user_id=? and bp1_0.verification_status=? and bp1_0.is_deleted=false
Hibernate: select us1_0.id,us1_0.auto_renew,us1_0.created_at,us1_0.expires_at,us1_0.granted_by,us1_0.notes,us1_0.payment_gateway,us1_0.payment_ref,us1_0.plan_id,us1_0.started_at,us1_0.status,us1_0.subscription_id,us1_0.updated_at,us1_0.user_id from user_subscriptions us1_0 where us1_0.user_id=? and us1_0.status='ACTIVE' and us1_0.expires_at>?
Hibernate: select bp1_0.id,bp1_0.address,bp1_0.attributes,bp1_0.block_reason,bp1_0.business_name,bp1_0.created_at,bp1_0.documents,bp1_0.form_id,bp1_0.form_version,bp1_0.is_active,bp1_0.is_deleted,bp1_0.is_visible,bp1_0.latitude,bp1_0.longitude,bp1_0.profile_id,bp1_0.profile_type,bp1_0.reject_reason,bp1_0.updated_at,bp1_0.user_id,bp1_0.verification_status,bp1_0.verified_at,bp1_0.verified_by from business_profiles bp1_0 where bp1_0.user_id=? and bp1_0.verification_status=? and bp1_0.is_deleted=false
2026-08-08T21:18:24.107+05:30  INFO [trace=9d71b994d0d640bc] 34968 --- [tantra] [nio-8080-exec-2] c.h.t.modules.home.service.HomeService   : [HOME] Home feed assembled — modules=2 sections=2 featured=0 profiles=0
Hibernate: select u1_0.id,u1_0.app_usage_role,u1_0.created_at,u1_0.first_name,u1_0.last_name,u1_0.mobile_number,u1_0.otp_expiry,u1_0.password,u1_0.preferred_language,u1_0.reset_otp,u1_0.user_id from users u1_0 where u1_0.mobile_number=?
Hibernate: select dg1_0.id,dg1_0.accent_color,dg1_0.backend_ui,dg1_0.background_image_url,dg1_0.badge_en,dg1_0.badge_hi,dg1_0.category_keys,dg1_0.created_at,dg1_0.cta_type,dg1_0.cta_value,dg1_0.display_order,dg1_0.group_key,dg1_0.icon,dg1_0.is_active,dg1_0.label_en,dg1_0.label_hi,dg1_0.listing_type,dg1_0.unit_en,dg1_0.unit_hi,dg1_0.updated_at,dg1_0.updated_by from deal_groups dg1_0 where dg1_0.is_active=true order by dg1_0.display_order
Hibernate: select mc1_0.id,mc1_0.action_type,mc1_0.category_key,mc1_0.category_name_en,mc1_0.category_name_hi,mc1_0.created_at,mc1_0.display_order,mc1_0.icon_url,mc1_0.is_active,mc1_0.link_key,mc1_0.module_id,mc1_0.parent_id from module_categories mc1_0 where mc1_0.category_key=?
Hibernate: SELECT COUNT(*) FROM listings WHERE is_deleted = false AND status = 'ACTIVE' AND is_active = true AND created_at >= CURRENT_DATE AND category_id IN (?) AND (? IS NULL OR listing_type = ?)
Hibernate: SELECT MIN(offered_price) FROM listings WHERE is_deleted = false AND status = 'ACTIVE' AND is_active = true AND created_at >= CURRENT_DATE AND category_id IN (?) AND (? IS NULL OR listing_type = ?)
Hibernate: select mc1_0.id,mc1_0.action_type,mc1_0.category_key,mc1_0.category_name_en,mc1_0.category_name_hi,mc1_0.created_at,mc1_0.display_order,mc1_0.icon_url,mc1_0.is_active,mc1_0.link_key,mc1_0.module_id,mc1_0.parent_id from module_categories mc1_0 where mc1_0.category_key=?
Hibernate: SELECT COUNT(*) FROM listings WHERE is_deleted = false AND status = 'ACTIVE' AND is_active = true AND created_at >= CURRENT_DATE AND category_id IN (?) AND (? IS NULL OR listing_type = ?)
Hibernate: select mc1_0.id,mc1_0.action_type,mc1_0.category_key,mc1_0.category_name_en,mc1_0.category_name_hi,mc1_0.created_at,mc1_0.display_order,mc1_0.icon_url,mc1_0.is_active,mc1_0.link_key,mc1_0.module_id,mc1_0.parent_id from module_categories mc1_0 where mc1_0.category_key=?
Hibernate: SELECT COUNT(*) FROM listings WHERE is_deleted = false AND status = 'ACTIVE' AND is_active = true AND created_at >= CURRENT_DATE AND category_id IN (?) AND (? IS NULL OR listing_type = ?)
Hibernate: select mc1_0.id,mc1_0.action_type,mc1_0.category_key,mc1_0.category_name_en,mc1_0.category_name_hi,mc1_0.created_at,mc1_0.display_order,mc1_0.icon_url,mc1_0.is_active,mc1_0.link_key,mc1_0.module_id,mc1_0.parent_id from module_categories mc1_0 where mc1_0.category_key=?
Hibernate: select mc1_0.id,mc1_0.action_type,mc1_0.category_key,mc1_0.category_name_en,mc1_0.category_name_hi,mc1_0.created_at,mc1_0.display_order,mc1_0.icon_url,mc1_0.is_active,mc1_0.link_key,mc1_0.module_id,mc1_0.parent_id from module_categories mc1_0 where mc1_0.category_key=?
Hibernate: SELECT COUNT(*) FROM listings WHERE is_deleted = false AND status = 'ACTIVE' AND is_active = true AND created_at >= CURRENT_DATE AND category_id IN (?,?) AND (? IS NULL OR listing_type = ?)
Hibernate: SELECT MIN(offered_price) FROM listings WHERE is_deleted = false AND status = 'ACTIVE' AND is_active = true AND created_at >= CURRENT_DATE AND category_id IN (?,?) AND (? IS NULL OR listing_type = ?)
Hibernate: select u1_0.id,u1_0.app_usage_role,u1_0.created_at,u1_0.first_name,u1_0.last_name,u1_0.mobile_number,u1_0.otp_expiry,u1_0.password,u1_0.preferred_language,u1_0.reset_otp,u1_0.user_id from users u1_0 where u1_0.mobile_number=?
Hibernate: SELECT * FROM stat_tiles WHERE is_active = true ORDER BY display_order ASC
Hibernate: SELECT COUNT(*) FROM listings WHERE is_deleted = false AND status = 'ACTIVE' AND is_active = true
Hibernate: SELECT COUNT(DISTINCT address->>'district') FROM listings WHERE is_deleted = false AND address->>'district' IS NOT NULL
Hibernate: select count(bp1_0.id) from business_profiles bp1_0 where bp1_0.verification_status=? and bp1_0.is_deleted=false
Hibernate: SELECT COUNT(*) FROM listings WHERE is_deleted = false AND created_at >= CURRENT_DATE
Hibernate: select dg1_0.id,dg1_0.accent_color,dg1_0.backend_ui,dg1_0.background_image_url,dg1_0.badge_en,dg1_0.badge_hi,dg1_0.category_keys,dg1_0.created_at,dg1_0.cta_type,dg1_0.cta_value,dg1_0.display_order,dg1_0.group_key,dg1_0.icon,dg1_0.is_active,dg1_0.label_en,dg1_0.label_hi,dg1_0.listing_type,dg1_0.unit_en,dg1_0.unit_hi,dg1_0.updated_at,dg1_0.updated_by from deal_groups dg1_0 where dg1_0.is_active=true order by dg1_0.display_order
Hibernate: select mc1_0.id,mc1_0.action_type,mc1_0.category_key,mc1_0.category_name_en,mc1_0.category_name_hi,mc1_0.created_at,mc1_0.display_order,mc1_0.icon_url,mc1_0.is_active,mc1_0.link_key,mc1_0.module_id,mc1_0.parent_id from module_categories mc1_0 where mc1_0.category_key=?
Hibernate: SELECT COUNT(*) FROM listings WHERE is_deleted = false AND status = 'ACTIVE' AND is_active = true AND created_at >= CURRENT_DATE AND category_id IN (?) AND (? IS NULL OR listing_type = ?)
Hibernate: SELECT MIN(offered_price) FROM listings WHERE is_deleted = false AND status = 'ACTIVE' AND is_active = true AND created_at >= CURRENT_DATE AND category_id IN (?) AND (? IS NULL OR listing_type = ?)
Hibernate: select mc1_0.id,mc1_0.action_type,mc1_0.category_key,mc1_0.category_name_en,mc1_0.category_name_hi,mc1_0.created_at,mc1_0.display_order,mc1_0.icon_url,mc1_0.is_active,mc1_0.link_key,mc1_0.module_id,mc1_0.parent_id from module_categories mc1_0 where mc1_0.category_key=?
Hibernate: SELECT COUNT(*) FROM listings WHERE is_deleted = false AND status = 'ACTIVE' AND is_active = true AND created_at >= CURRENT_DATE AND category_id IN (?) AND (? IS NULL OR listing_type = ?)
Hibernate: select mc1_0.id,mc1_0.action_type,mc1_0.category_key,mc1_0.category_name_en,mc1_0.category_name_hi,mc1_0.created_at,mc1_0.display_order,mc1_0.icon_url,mc1_0.is_active,mc1_0.link_key,mc1_0.module_id,mc1_0.parent_id from module_categories mc1_0 where mc1_0.category_key=?
Hibernate: SELECT COUNT(*) FROM listings WHERE is_deleted = false AND status = 'ACTIVE' AND is_active = true AND created_at >= CURRENT_DATE AND category_id IN (?) AND (? IS NULL OR listing_type = ?)
Hibernate: select mc1_0.id,mc1_0.action_type,mc1_0.category_key,mc1_0.category_name_en,mc1_0.category_name_hi,mc1_0.created_at,mc1_0.display_order,mc1_0.icon_url,mc1_0.is_active,mc1_0.link_key,mc1_0.module_id,mc1_0.parent_id from module_categories mc1_0 where mc1_0.category_key=?
Hibernate: select mc1_0.id,mc1_0.action_type,mc1_0.category_key,mc1_0.category_name_en,mc1_0.category_name_hi,mc1_0.created_at,mc1_0.display_order,mc1_0.icon_url,mc1_0.is_active,mc1_0.link_key,mc1_0.module_id,mc1_0.parent_id from module_categories mc1_0 where mc1_0.category_key=?
Hibernate: SELECT COUNT(*) FROM listings WHERE is_deleted = false AND status = 'ACTIVE' AND is_active = true AND created_at >= CURRENT_DATE AND category_id IN (?,?) AND (? IS NULL OR listing_type = ?)
Hibernate: SELECT MIN(offered_price) FROM listings WHERE is_deleted = false AND status = 'ACTIVE' AND is_active = true AND created_at >= CURRENT_DATE AND category_id IN (?,?) AND (? IS NULL OR listing_type = ?)
Hibernate: select u1_0.id,u1_0.app_usage_role,u1_0.created_at,u1_0.first_name,u1_0.last_name,u1_0.mobile_number,u1_0.otp_expiry,u1_0.password,u1_0.preferred_language,u1_0.reset_otp,u1_0.user_id from users u1_0 where u1_0.mobile_number=?
Hibernate: select u1_0.id,u1_0.app_usage_role,u1_0.created_at,u1_0.first_name,u1_0.last_name,u1_0.mobile_number,u1_0.otp_expiry,u1_0.password,u1_0.preferred_language,u1_0.reset_otp,u1_0.user_id from users u1_0 where u1_0.mobile_number=?
Hibernate: select u1_0.id,u1_0.app_usage_role,u1_0.created_at,u1_0.first_name,u1_0.last_name,u1_0.mobile_number,u1_0.otp_expiry,u1_0.password,u1_0.preferred_language,u1_0.reset_otp,u1_0.user_id from users u1_0 where u1_0.mobile_number=?
Hibernate: select u1_0.id,u1_0.app_usage_role,u1_0.created_at,u1_0.first_name,u1_0.last_name,u1_0.mobile_number,u1_0.otp_expiry,u1_0.password,u1_0.preferred_language,u1_0.reset_otp,u1_0.user_id from users u1_0 where u1_0.mobile_number=?
Hibernate: select u1_0.id,u1_0.app_usage_role,u1_0.created_at,u1_0.first_name,u1_0.last_name,u1_0.mobile_number,u1_0.otp_expiry,u1_0.password,u1_0.preferred_language,u1_0.reset_otp,u1_0.user_id from users u1_0 where u1_0.mobile_number=?
Hibernate: select ua1_0.id,ua1_0.address_id,ua1_0.alt_mobile_number,ua1_0.city,ua1_0.country,ua1_0.created_at,ua1_0.district,ua1_0.full_address,ua1_0.is_default,ua1_0.is_deleted,ua1_0.label,ua1_0.latitude,ua1_0.longitude,ua1_0.mobile_number,ua1_0.pin_code,ua1_0.state,ua1_0.updated_at,ua1_0.user_id,ua1_0.village from user_addresses ua1_0 where ua1_0.user_id=? and ua1_0.is_deleted=false order by ua1_0.is_default desc,ua1_0.created_at desc
Hibernate: select u1_0.id,u1_0.app_usage_role,u1_0.created_at,u1_0.first_name,u1_0.last_name,u1_0.mobile_number,u1_0.otp_expiry,u1_0.password,u1_0.preferred_language,u1_0.reset_otp,u1_0.user_id from users u1_0 where u1_0.mobile_number=?
Hibernate: select u1_0.id,u1_0.app_usage_role,u1_0.created_at,u1_0.first_name,u1_0.last_name,u1_0.mobile_number,u1_0.otp_expiry,u1_0.password,u1_0.preferred_language,u1_0.reset_otp,u1_0.user_id from users u1_0 where u1_0.mobile_number=?
Hibernate: select dg1_0.id,dg1_0.accent_color,dg1_0.backend_ui,dg1_0.background_image_url,dg1_0.badge_en,dg1_0.badge_hi,dg1_0.category_keys,dg1_0.created_at,dg1_0.cta_type,dg1_0.cta_value,dg1_0.display_order,dg1_0.group_key,dg1_0.icon,dg1_0.is_active,dg1_0.label_en,dg1_0.label_hi,dg1_0.listing_type,dg1_0.unit_en,dg1_0.unit_hi,dg1_0.updated_at,dg1_0.updated_by from deal_groups dg1_0 where dg1_0.is_active=true order by dg1_0.display_order
Hibernate: select mc1_0.id,mc1_0.action_type,mc1_0.category_key,mc1_0.category_name_en,mc1_0.category_name_hi,mc1_0.created_at,mc1_0.display_order,mc1_0.icon_url,mc1_0.is_active,mc1_0.link_key,mc1_0.module_id,mc1_0.parent_id from module_categories mc1_0 where mc1_0.category_key=?
Hibernate: SELECT COUNT(*) FROM listings WHERE is_deleted = false AND status = 'ACTIVE' AND is_active = true AND created_at >= CURRENT_DATE AND category_id IN (?) AND (? IS NULL OR listing_type = ?)
Hibernate: SELECT MIN(offered_price) FROM listings WHERE is_deleted = false AND status = 'ACTIVE' AND is_active = true AND created_at >= CURRENT_DATE AND category_id IN (?) AND (? IS NULL OR listing_type = ?)
Hibernate: select mc1_0.id,mc1_0.action_type,mc1_0.category_key,mc1_0.category_name_en,mc1_0.category_name_hi,mc1_0.created_at,mc1_0.display_order,mc1_0.icon_url,mc1_0.is_active,mc1_0.link_key,mc1_0.module_id,mc1_0.parent_id from module_categories mc1_0 where mc1_0.category_key=?
Hibernate: SELECT COUNT(*) FROM listings WHERE is_deleted = false AND status = 'ACTIVE' AND is_active = true AND created_at >= CURRENT_DATE AND category_id IN (?) AND (? IS NULL OR listing_type = ?)
Hibernate: select mc1_0.id,mc1_0.action_type,mc1_0.category_key,mc1_0.category_name_en,mc1_0.category_name_hi,mc1_0.created_at,mc1_0.display_order,mc1_0.icon_url,mc1_0.is_active,mc1_0.link_key,mc1_0.module_id,mc1_0.parent_id from module_categories mc1_0 where mc1_0.category_key=?
Hibernate: SELECT COUNT(*) FROM listings WHERE is_deleted = false AND status = 'ACTIVE' AND is_active = true AND created_at >= CURRENT_DATE AND category_id IN (?) AND (? IS NULL OR listing_type = ?)
Hibernate: select mc1_0.id,mc1_0.action_type,mc1_0.category_key,mc1_0.category_name_en,mc1_0.category_name_hi,mc1_0.created_at,mc1_0.display_order,mc1_0.icon_url,mc1_0.is_active,mc1_0.link_key,mc1_0.module_id,mc1_0.parent_id from module_categories mc1_0 where mc1_0.category_key=?
Hibernate: select mc1_0.id,mc1_0.action_type,mc1_0.category_key,mc1_0.category_name_en,mc1_0.category_name_hi,mc1_0.created_at,mc1_0.display_order,mc1_0.icon_url,mc1_0.is_active,mc1_0.link_key,mc1_0.module_id,mc1_0.parent_id from module_categories mc1_0 where mc1_0.category_key=?
Hibernate: SELECT COUNT(*) FROM listings WHERE is_deleted = false AND status = 'ACTIVE' AND is_active = true AND created_at >= CURRENT_DATE AND category_id IN (?,?) AND (? IS NULL OR listing_type = ?)
Hibernate: SELECT MIN(offered_price) FROM listings WHERE is_deleted = false AND status = 'ACTIVE' AND is_active = true AND created_at >= CURRENT_DATE AND category_id IN (?,?) AND (? IS NULL OR listing_type = ?)
Hibernate: select u1_0.id,u1_0.app_usage_role,u1_0.created_at,u1_0.first_name,u1_0.last_name,u1_0.mobile_number,u1_0.otp_expiry,u1_0.password,u1_0.preferred_language,u1_0.reset_otp,u1_0.user_id from users u1_0 where u1_0.mobile_number=?
Hibernate: SELECT * FROM stat_tiles WHERE is_active = true ORDER BY display_order ASC
Hibernate: SELECT COUNT(*) FROM listings WHERE is_deleted = false AND status = 'ACTIVE' AND is_active = true
Hibernate: SELECT COUNT(DISTINCT address->>'district') FROM listings WHERE is_deleted = false AND address->>'district' IS NOT NULL
Hibernate: select count(bp1_0.id) from business_profiles bp1_0 where bp1_0.verification_status=? and bp1_0.is_deleted=false
Hibernate: SELECT COUNT(*) FROM listings WHERE is_deleted = false AND created_at >= CURRENT_DATE
Hibernate: select u1_0.id,u1_0.app_usage_role,u1_0.created_at,u1_0.first_name,u1_0.last_name,u1_0.mobile_number,u1_0.otp_expiry,u1_0.password,u1_0.preferred_language,u1_0.reset_otp,u1_0.user_id from users u1_0 where u1_0.mobile_number=?
Hibernate: select u1_0.id,u1_0.app_usage_role,u1_0.created_at,u1_0.first_name,u1_0.last_name,u1_0.mobile_number,u1_0.otp_expiry,u1_0.password,u1_0.preferred_language,u1_0.reset_otp,u1_0.user_id from users u1_0 where u1_0.mobile_number=?
Hibernate: select u1_0.id,u1_0.app_usage_role,u1_0.created_at,u1_0.first_name,u1_0.last_name,u1_0.mobile_number,u1_0.otp_expiry,u1_0.password,u1_0.preferred_language,u1_0.reset_otp,u1_0.user_id from users u1_0 where u1_0.mobile_number=?
Hibernate: select u1_0.id,u1_0.app_usage_role,u1_0.created_at,u1_0.first_name,u1_0.last_name,u1_0.mobile_number,u1_0.otp_expiry,u1_0.password,u1_0.preferred_language,u1_0.reset_otp,u1_0.user_id from users u1_0 where u1_0.mobile_number=?
Hibernate: select u1_0.id,u1_0.app_usage_role,u1_0.created_at,u1_0.first_name,u1_0.last_name,u1_0.mobile_number,u1_0.otp_expiry,u1_0.password,u1_0.preferred_language,u1_0.reset_otp,u1_0.user_id from users u1_0 where u1_0.mobile_number=?
Hibernate: select ua1_0.id,ua1_0.address_id,ua1_0.alt_mobile_number,ua1_0.city,ua1_0.country,ua1_0.created_at,ua1_0.district,ua1_0.full_address,ua1_0.is_default,ua1_0.is_deleted,ua1_0.label,ua1_0.latitude,ua1_0.longitude,ua1_0.mobile_number,ua1_0.pin_code,ua1_0.state,ua1_0.updated_at,ua1_0.user_id,ua1_0.village from user_addresses ua1_0 where ua1_0.user_id=? and ua1_0.is_deleted=false order by ua1_0.is_default desc,ua1_0.created_at desc
Hibernate: select u1_0.id,u1_0.app_usage_role,u1_0.created_at,u1_0.first_name,u1_0.last_name,u1_0.mobile_number,u1_0.otp_expiry,u1_0.password,u1_0.preferred_language,u1_0.reset_otp,u1_0.user_id from users u1_0 where u1_0.mobile_number=?
Hibernate: select u1_0.id,u1_0.app_usage_role,u1_0.created_at,u1_0.first_name,u1_0.last_name,u1_0.mobile_number,u1_0.otp_expiry,u1_0.password,u1_0.preferred_language,u1_0.reset_otp,u1_0.user_id from users u1_0 where u1_0.mobile_number=?
Hibernate: select am1_0.id,am1_0.created_at,am1_0.is_active,am1_0.module_key,am1_0.module_name_en,am1_0.module_name_hi from app_modules am1_0 where am1_0.is_active=true
2026-08-08T21:34:35.752+05:30  INFO [trace=0aefde99861046d8] 34968 --- [tantra] [nio-8080-exec-4] c.h.t.modules.home.service.HomeService   : [HOME] Building home feed — district=Narila Shankari lang=EN
Hibernate: select am1_0.id,am1_0.created_at,am1_0.is_active,am1_0.module_key,am1_0.module_name_en,am1_0.module_name_hi from app_modules am1_0 where am1_0.is_active=true
Hibernate: select pc1_0.id,pc1_0.bg_color,pc1_0.card_id,pc1_0.card_type,pc1_0.created_at,pc1_0.created_by,pc1_0.cta_bg_color,pc1_0.cta_label,pc1_0.cta_type,pc1_0.cta_value,pc1_0.display_order,pc1_0.eyebrow,pc1_0.illustration_key,pc1_0.image_url,pc1_0.is_active,pc1_0.subtitle,pc1_0.target_district,pc1_0.text_color,pc1_0.title,pc1_0.updated_at,pc1_0.valid_from,pc1_0.valid_to from promo_cards pc1_0 where pc1_0.is_active=true and (pc1_0.valid_from is null or pc1_0.valid_from<=?) and (pc1_0.valid_to is null or pc1_0.valid_to>=?) and (pc1_0.target_district is null or ? is null or pc1_0.target_district=?) and (? is null or pc1_0.card_type=?) order by pc1_0.display_order
Hibernate: SELECT l.* FROM listings l INNER JOIN user_subscriptions ss ON ss.user_id = l.user_id AND ss.status = 'ACTIVE' AND ss.expires_at > NOW() INNER JOIN subscription_plans sp ON sp.id = ss.plan_id AND sp.home_feed_slots > 0 WHERE l.is_deleted = false AND l.status = 'ACTIVE' AND l.is_active = true AND (? IS NULL OR l.address->>'district' ILIKE ?) ORDER BY sp.sort_weight ASC, l.created_at DESC LIMIT ?
Hibernate: select am1_0.id,am1_0.created_at,am1_0.is_active,am1_0.module_key,am1_0.module_name_en,am1_0.module_name_hi from app_modules am1_0 where am1_0.is_active=true
Hibernate: select mc1_0.id,mc1_0.action_type,mc1_0.category_key,mc1_0.category_name_en,mc1_0.category_name_hi,mc1_0.created_at,mc1_0.display_order,mc1_0.icon_url,mc1_0.is_active,mc1_0.link_key,mc1_0.module_id,mc1_0.parent_id from module_categories mc1_0 where mc1_0.module_id=? and mc1_0.parent_id is null and mc1_0.is_active=true order by mc1_0.display_order
Hibernate: SELECT l.* FROM listings l LEFT JOIN user_subscriptions ss ON ss.user_id = l.user_id AND ss.status = 'ACTIVE' AND ss.expires_at > NOW() LEFT JOIN subscription_plans sp ON sp.id = ss.plan_id WHERE l.is_deleted = false AND l.status = 'ACTIVE' AND l.is_active = true AND l.module_id = ? AND (? IS NULL OR l.address->>'district' ILIKE ?) ORDER BY COALESCE(sp.sort_weight, 99) ASC, l.created_at DESC LIMIT ?
Hibernate: select mc1_0.id,mc1_0.action_type,mc1_0.category_key,mc1_0.category_name_en,mc1_0.category_name_hi,mc1_0.created_at,mc1_0.display_order,mc1_0.icon_url,mc1_0.is_active,mc1_0.link_key,mc1_0.module_id,mc1_0.parent_id from module_categories mc1_0 where mc1_0.module_id=? and mc1_0.parent_id is null and mc1_0.is_active=true order by mc1_0.display_order
Hibernate: SELECT l.* FROM listings l LEFT JOIN user_subscriptions ss ON ss.user_id = l.user_id AND ss.status = 'ACTIVE' AND ss.expires_at > NOW() LEFT JOIN subscription_plans sp ON sp.id = ss.plan_id WHERE l.is_deleted = false AND l.status = 'ACTIVE' AND l.is_active = true AND l.module_id = ? AND (? IS NULL OR l.address->>'district' ILIKE ?) ORDER BY COALESCE(sp.sort_weight, 99) ASC, l.created_at DESC LIMIT ?
Hibernate: SELECT bp.* FROM business_profiles bp INNER JOIN user_subscriptions ss ON ss.user_id = bp.user_id AND ss.status = 'ACTIVE' AND ss.expires_at > NOW() INNER JOIN subscription_plans sp ON sp.id = ss.plan_id AND sp.profile_highlight = true AND sp.home_feed_slots > 0 WHERE bp.is_deleted = false AND bp.is_active = true AND bp.verification_status = 'APPROVED' AND (? IS NULL OR bp.address->>'district' ILIKE ?) ORDER BY sp.sort_weight ASC, bp.created_at DESC LIMIT ?
Hibernate: select l1_0.id,l1_0.actual_price,l1_0.address,l1_0.address_id,l1_0.attributes,l1_0.category_id,l1_0.contact_number,l1_0.contact_reveal_count,l1_0.created_at,l1_0.created_by,l1_0.discount_expires_at,l1_0.discount_pct,l1_0.favorite_count,l1_0.flash_deal,l1_0.form_id,l1_0.form_version,l1_0.images,l1_0.is_active,l1_0.is_deleted,l1_0.is_negotiable,l1_0.latitude,l1_0.listing_id,l1_0.listing_type,l1_0.longitude,l1_0.module_id,l1_0.offered_price,l1_0.quantity,l1_0.search_vector,l1_0.show_contact,l1_0.status,l1_0.unit,l1_0.updated_at,l1_0.updated_by,l1_0.user_id,l1_0.user_mobile_number,l1_0.view_count from listings l1_0 order by l1_0.created_at desc offset ? rows fetch first ? rows only
Hibernate: select count(l1_0.id) from listings l1_0
Hibernate: select mc1_0.id,mc1_0.action_type,mc1_0.category_key,mc1_0.category_name_en,mc1_0.category_name_hi,mc1_0.created_at,mc1_0.display_order,mc1_0.icon_url,mc1_0.is_active,mc1_0.link_key,mc1_0.module_id,mc1_0.parent_id from module_categories mc1_0 where mc1_0.id=?
Hibernate: select us1_0.id,us1_0.auto_renew,us1_0.created_at,us1_0.expires_at,us1_0.granted_by,us1_0.notes,us1_0.payment_gateway,us1_0.payment_ref,us1_0.plan_id,us1_0.started_at,us1_0.status,us1_0.subscription_id,us1_0.updated_at,us1_0.user_id from user_subscriptions us1_0 where us1_0.user_id=? and us1_0.status='ACTIVE' and us1_0.expires_at>?
Hibernate: select bp1_0.id,bp1_0.address,bp1_0.attributes,bp1_0.block_reason,bp1_0.business_name,bp1_0.created_at,bp1_0.documents,bp1_0.form_id,bp1_0.form_version,bp1_0.is_active,bp1_0.is_deleted,bp1_0.is_visible,bp1_0.latitude,bp1_0.longitude,bp1_0.profile_id,bp1_0.profile_type,bp1_0.reject_reason,bp1_0.updated_at,bp1_0.user_id,bp1_0.verification_status,bp1_0.verified_at,bp1_0.verified_by from business_profiles bp1_0 where bp1_0.user_id=? and bp1_0.verification_status=? and bp1_0.is_deleted=false
Hibernate: select mc1_0.id,mc1_0.action_type,mc1_0.category_key,mc1_0.category_name_en,mc1_0.category_name_hi,mc1_0.created_at,mc1_0.display_order,mc1_0.icon_url,mc1_0.is_active,mc1_0.link_key,mc1_0.module_id,mc1_0.parent_id from module_categories mc1_0 where mc1_0.id=?
Hibernate: select us1_0.id,us1_0.auto_renew,us1_0.created_at,us1_0.expires_at,us1_0.granted_by,us1_0.notes,us1_0.payment_gateway,us1_0.payment_ref,us1_0.plan_id,us1_0.started_at,us1_0.status,us1_0.subscription_id,us1_0.updated_at,us1_0.user_id from user_subscriptions us1_0 where us1_0.user_id=? and us1_0.status='ACTIVE' and us1_0.expires_at>?
Hibernate: select bp1_0.id,bp1_0.address,bp1_0.attributes,bp1_0.block_reason,bp1_0.business_name,bp1_0.created_at,bp1_0.documents,bp1_0.form_id,bp1_0.form_version,bp1_0.is_active,bp1_0.is_deleted,bp1_0.is_visible,bp1_0.latitude,bp1_0.longitude,bp1_0.profile_id,bp1_0.profile_type,bp1_0.reject_reason,bp1_0.updated_at,bp1_0.user_id,bp1_0.verification_status,bp1_0.verified_at,bp1_0.verified_by from business_profiles bp1_0 where bp1_0.user_id=? and bp1_0.verification_status=? and bp1_0.is_deleted=false
Hibernate: select us1_0.id,us1_0.auto_renew,us1_0.created_at,us1_0.expires_at,us1_0.granted_by,us1_0.notes,us1_0.payment_gateway,us1_0.payment_ref,us1_0.plan_id,us1_0.started_at,us1_0.status,us1_0.subscription_id,us1_0.updated_at,us1_0.user_id from user_subscriptions us1_0 where us1_0.user_id=? and us1_0.status='ACTIVE' and us1_0.expires_at>?
Hibernate: select bp1_0.id,bp1_0.address,bp1_0.attributes,bp1_0.block_reason,bp1_0.business_name,bp1_0.created_at,bp1_0.documents,bp1_0.form_id,bp1_0.form_version,bp1_0.is_active,bp1_0.is_deleted,bp1_0.is_visible,bp1_0.latitude,bp1_0.longitude,bp1_0.profile_id,bp1_0.profile_type,bp1_0.reject_reason,bp1_0.updated_at,bp1_0.user_id,bp1_0.verification_status,bp1_0.verified_at,bp1_0.verified_by from business_profiles bp1_0 where bp1_0.user_id=? and bp1_0.verification_status=? and bp1_0.is_deleted=false
Hibernate: select us1_0.id,us1_0.auto_renew,us1_0.created_at,us1_0.expires_at,us1_0.granted_by,us1_0.notes,us1_0.payment_gateway,us1_0.payment_ref,us1_0.plan_id,us1_0.started_at,us1_0.status,us1_0.subscription_id,us1_0.updated_at,us1_0.user_id from user_subscriptions us1_0 where us1_0.user_id=? and us1_0.status='ACTIVE' and us1_0.expires_at>?
Hibernate: select bp1_0.id,bp1_0.address,bp1_0.attributes,bp1_0.block_reason,bp1_0.business_name,bp1_0.created_at,bp1_0.documents,bp1_0.form_id,bp1_0.form_version,bp1_0.is_active,bp1_0.is_deleted,bp1_0.is_visible,bp1_0.latitude,bp1_0.longitude,bp1_0.profile_id,bp1_0.profile_type,bp1_0.reject_reason,bp1_0.updated_at,bp1_0.user_id,bp1_0.verification_status,bp1_0.verified_at,bp1_0.verified_by from business_profiles bp1_0 where bp1_0.user_id=? and bp1_0.verification_status=? and bp1_0.is_deleted=false
Hibernate: select mc1_0.id,mc1_0.action_type,mc1_0.category_key,mc1_0.category_name_en,mc1_0.category_name_hi,mc1_0.created_at,mc1_0.display_order,mc1_0.icon_url,mc1_0.is_active,mc1_0.link_key,mc1_0.module_id,mc1_0.parent_id from module_categories mc1_0 where mc1_0.id=?
Hibernate: select us1_0.id,us1_0.auto_renew,us1_0.created_at,us1_0.expires_at,us1_0.granted_by,us1_0.notes,us1_0.payment_gateway,us1_0.payment_ref,us1_0.plan_id,us1_0.started_at,us1_0.status,us1_0.subscription_id,us1_0.updated_at,us1_0.user_id from user_subscriptions us1_0 where us1_0.user_id=? and us1_0.status='ACTIVE' and us1_0.expires_at>?
Hibernate: select bp1_0.id,bp1_0.address,bp1_0.attributes,bp1_0.block_reason,bp1_0.business_name,bp1_0.created_at,bp1_0.documents,bp1_0.form_id,bp1_0.form_version,bp1_0.is_active,bp1_0.is_deleted,bp1_0.is_visible,bp1_0.latitude,bp1_0.longitude,bp1_0.profile_id,bp1_0.profile_type,bp1_0.reject_reason,bp1_0.updated_at,bp1_0.user_id,bp1_0.verification_status,bp1_0.verified_at,bp1_0.verified_by from business_profiles bp1_0 where bp1_0.user_id=? and bp1_0.verification_status=? and bp1_0.is_deleted=false
Hibernate: select mc1_0.id,mc1_0.action_type,mc1_0.category_key,mc1_0.category_name_en,mc1_0.category_name_hi,mc1_0.created_at,mc1_0.display_order,mc1_0.icon_url,mc1_0.is_active,mc1_0.link_key,mc1_0.module_id,mc1_0.parent_id from module_categories mc1_0 where mc1_0.id=?
Hibernate: select us1_0.id,us1_0.auto_renew,us1_0.created_at,us1_0.expires_at,us1_0.granted_by,us1_0.notes,us1_0.payment_gateway,us1_0.payment_ref,us1_0.plan_id,us1_0.started_at,us1_0.status,us1_0.subscription_id,us1_0.updated_at,us1_0.user_id from user_subscriptions us1_0 where us1_0.user_id=? and us1_0.status='ACTIVE' and us1_0.expires_at>?
Hibernate: select bp1_0.id,bp1_0.address,bp1_0.attributes,bp1_0.block_reason,bp1_0.business_name,bp1_0.created_at,bp1_0.documents,bp1_0.form_id,bp1_0.form_version,bp1_0.is_active,bp1_0.is_deleted,bp1_0.is_visible,bp1_0.latitude,bp1_0.longitude,bp1_0.profile_id,bp1_0.profile_type,bp1_0.reject_reason,bp1_0.updated_at,bp1_0.user_id,bp1_0.verification_status,bp1_0.verified_at,bp1_0.verified_by from business_profiles bp1_0 where bp1_0.user_id=? and bp1_0.verification_status=? and bp1_0.is_deleted=false
Hibernate: select us1_0.id,us1_0.auto_renew,us1_0.created_at,us1_0.expires_at,us1_0.granted_by,us1_0.notes,us1_0.payment_gateway,us1_0.payment_ref,us1_0.plan_id,us1_0.started_at,us1_0.status,us1_0.subscription_id,us1_0.updated_at,us1_0.user_id from user_subscriptions us1_0 where us1_0.user_id=? and us1_0.status='ACTIVE' and us1_0.expires_at>?
Hibernate: select bp1_0.id,bp1_0.address,bp1_0.attributes,bp1_0.block_reason,bp1_0.business_name,bp1_0.created_at,bp1_0.documents,bp1_0.form_id,bp1_0.form_version,bp1_0.is_active,bp1_0.is_deleted,bp1_0.is_visible,bp1_0.latitude,bp1_0.longitude,bp1_0.profile_id,bp1_0.profile_type,bp1_0.reject_reason,bp1_0.updated_at,bp1_0.user_id,bp1_0.verification_status,bp1_0.verified_at,bp1_0.verified_by from business_profiles bp1_0 where bp1_0.user_id=? and bp1_0.verification_status=? and bp1_0.is_deleted=false
Hibernate: select us1_0.id,us1_0.auto_renew,us1_0.created_at,us1_0.expires_at,us1_0.granted_by,us1_0.notes,us1_0.payment_gateway,us1_0.payment_ref,us1_0.plan_id,us1_0.started_at,us1_0.status,us1_0.subscription_id,us1_0.updated_at,us1_0.user_id from user_subscriptions us1_0 where us1_0.user_id=? and us1_0.status='ACTIVE' and us1_0.expires_at>?
Hibernate: select bp1_0.id,bp1_0.address,bp1_0.attributes,bp1_0.block_reason,bp1_0.business_name,bp1_0.created_at,bp1_0.documents,bp1_0.form_id,bp1_0.form_version,bp1_0.is_active,bp1_0.is_deleted,bp1_0.is_visible,bp1_0.latitude,bp1_0.longitude,bp1_0.profile_id,bp1_0.profile_type,bp1_0.reject_reason,bp1_0.updated_at,bp1_0.user_id,bp1_0.verification_status,bp1_0.verified_at,bp1_0.verified_by from business_profiles bp1_0 where bp1_0.user_id=? and bp1_0.verification_status=? and bp1_0.is_deleted=false
2026-08-08T21:34:35.920+05:30  INFO [trace=0aefde99861046d8] 34968 --- [tantra] [nio-8080-exec-4] c.h.t.modules.home.service.HomeService   : [HOME] Home feed assembled — modules=2 sections=0 featured=0 profiles=0
Hibernate: select u1_0.id,u1_0.app_usage_role,u1_0.created_at,u1_0.first_name,u1_0.last_name,u1_0.mobile_number,u1_0.otp_expiry,u1_0.password,u1_0.preferred_language,u1_0.reset_otp,u1_0.user_id from users u1_0 where u1_0.mobile_number=?
Hibernate: select u1_0.id,u1_0.app_usage_role,u1_0.created_at,u1_0.first_name,u1_0.last_name,u1_0.mobile_number,u1_0.otp_expiry,u1_0.password,u1_0.preferred_language,u1_0.reset_otp,u1_0.user_id from users u1_0 where u1_0.mobile_number=?
Hibernate: select dg1_0.id,dg1_0.accent_color,dg1_0.backend_ui,dg1_0.background_image_url,dg1_0.badge_en,dg1_0.badge_hi,dg1_0.category_keys,dg1_0.created_at,dg1_0.cta_type,dg1_0.cta_value,dg1_0.display_order,dg1_0.group_key,dg1_0.icon,dg1_0.is_active,dg1_0.label_en,dg1_0.label_hi,dg1_0.listing_type,dg1_0.unit_en,dg1_0.unit_hi,dg1_0.updated_at,dg1_0.updated_by from deal_groups dg1_0 where dg1_0.is_active=true order by dg1_0.display_order
Hibernate: SELECT * FROM stat_tiles WHERE is_active = true ORDER BY display_order ASC
Hibernate: SELECT COUNT(*) FROM listings WHERE is_deleted = false AND status = 'ACTIVE' AND is_active = true
Hibernate: select mc1_0.id,mc1_0.action_type,mc1_0.category_key,mc1_0.category_name_en,mc1_0.category_name_hi,mc1_0.created_at,mc1_0.display_order,mc1_0.icon_url,mc1_0.is_active,mc1_0.link_key,mc1_0.module_id,mc1_0.parent_id from module_categories mc1_0 where mc1_0.category_key=?
Hibernate: SELECT COUNT(*) FROM listings WHERE is_deleted = false AND status = 'ACTIVE' AND is_active = true AND created_at >= CURRENT_DATE AND category_id IN (?) AND (? IS NULL OR listing_type = ?)
Hibernate: SELECT COUNT(DISTINCT address->>'district') FROM listings WHERE is_deleted = false AND address->>'district' IS NOT NULL
Hibernate: select count(bp1_0.id) from business_profiles bp1_0 where bp1_0.verification_status=? and bp1_0.is_deleted=false
Hibernate: SELECT MIN(offered_price) FROM listings WHERE is_deleted = false AND status = 'ACTIVE' AND is_active = true AND created_at >= CURRENT_DATE AND category_id IN (?) AND (? IS NULL OR listing_type = ?)
Hibernate: select mc1_0.id,mc1_0.action_type,mc1_0.category_key,mc1_0.category_name_en,mc1_0.category_name_hi,mc1_0.created_at,mc1_0.display_order,mc1_0.icon_url,mc1_0.is_active,mc1_0.link_key,mc1_0.module_id,mc1_0.parent_id from module_categories mc1_0 where mc1_0.category_key=?
Hibernate: SELECT COUNT(*) FROM listings WHERE is_deleted = false AND status = 'ACTIVE' AND is_active = true AND created_at >= CURRENT_DATE AND category_id IN (?) AND (? IS NULL OR listing_type = ?)
Hibernate: select mc1_0.id,mc1_0.action_type,mc1_0.category_key,mc1_0.category_name_en,mc1_0.category_name_hi,mc1_0.created_at,mc1_0.display_order,mc1_0.icon_url,mc1_0.is_active,mc1_0.link_key,mc1_0.module_id,mc1_0.parent_id from module_categories mc1_0 where mc1_0.category_key=?
Hibernate: SELECT COUNT(*) FROM listings WHERE is_deleted = false AND status = 'ACTIVE' AND is_active = true AND created_at >= CURRENT_DATE AND category_id IN (?) AND (? IS NULL OR listing_type = ?)
Hibernate: SELECT COUNT(*) FROM listings WHERE is_deleted = false AND created_at >= CURRENT_DATE
Hibernate: select mc1_0.id,mc1_0.action_type,mc1_0.category_key,mc1_0.category_name_en,mc1_0.category_name_hi,mc1_0.created_at,mc1_0.display_order,mc1_0.icon_url,mc1_0.is_active,mc1_0.link_key,mc1_0.module_id,mc1_0.parent_id from module_categories mc1_0 where mc1_0.category_key=?
Hibernate: select mc1_0.id,mc1_0.action_type,mc1_0.category_key,mc1_0.category_name_en,mc1_0.category_name_hi,mc1_0.created_at,mc1_0.display_order,mc1_0.icon_url,mc1_0.is_active,mc1_0.link_key,mc1_0.module_id,mc1_0.parent_id from module_categories mc1_0 where mc1_0.category_key=?
Hibernate: SELECT COUNT(*) FROM listings WHERE is_deleted = false AND status = 'ACTIVE' AND is_active = true AND created_at >= CURRENT_DATE AND category_id IN (?,?) AND (? IS NULL OR listing_type = ?)
Hibernate: SELECT MIN(offered_price) FROM listings WHERE is_deleted = false AND status = 'ACTIVE' AND is_active = true AND created_at >= CURRENT_DATE AND category_id IN (?,?) AND (? IS NULL OR listing_type = ?)
Hibernate: select u1_0.id,u1_0.app_usage_role,u1_0.created_at,u1_0.first_name,u1_0.last_name,u1_0.mobile_number,u1_0.otp_expiry,u1_0.password,u1_0.preferred_language,u1_0.reset_otp,u1_0.user_id from users u1_0 where u1_0.mobile_number=?
Hibernate: select dg1_0.id,dg1_0.accent_color,dg1_0.backend_ui,dg1_0.background_image_url,dg1_0.badge_en,dg1_0.badge_hi,dg1_0.category_keys,dg1_0.created_at,dg1_0.cta_type,dg1_0.cta_value,dg1_0.display_order,dg1_0.group_key,dg1_0.icon,dg1_0.is_active,dg1_0.label_en,dg1_0.label_hi,dg1_0.listing_type,dg1_0.unit_en,dg1_0.unit_hi,dg1_0.updated_at,dg1_0.updated_by from deal_groups dg1_0 where dg1_0.group_key=?
Hibernate: select mc1_0.id,mc1_0.action_type,mc1_0.category_key,mc1_0.category_name_en,mc1_0.category_name_hi,mc1_0.created_at,mc1_0.display_order,mc1_0.icon_url,mc1_0.is_active,mc1_0.link_key,mc1_0.module_id,mc1_0.parent_id from module_categories mc1_0 where mc1_0.category_key=?
Hibernate: SELECT l.* FROM listings l WHERE l.is_deleted = false AND l.status = 'ACTIVE' AND l.is_active = true AND l.created_at >= CURRENT_DATE AND l.category_id IN (?) AND (? IS NULL OR l.listing_type = ?) AND (CAST(? AS float8) IS NULL OR (       l.latitude  BETWEEN CAST(? AS float8) AND CAST(? AS float8)   AND l.longitude BETWEEN CAST(? AS float8) AND CAST(? AS float8))) ORDER BY l.offered_price ASC, l.created_at DESC fetch first ? rows only
Hibernate: select u1_0.id,u1_0.app_usage_role,u1_0.created_at,u1_0.first_name,u1_0.last_name,u1_0.mobile_number,u1_0.otp_expiry,u1_0.password,u1_0.preferred_language,u1_0.reset_otp,u1_0.user_id from users u1_0 where u1_0.mobile_number=?
Hibernate: SELECT * FROM stat_tiles WHERE is_active = true ORDER BY display_order ASC
Hibernate: SELECT COUNT(*) FROM listings WHERE is_deleted = false AND status = 'ACTIVE' AND is_active = true
Hibernate: SELECT COUNT(DISTINCT address->>'district') FROM listings WHERE is_deleted = false AND address->>'district' IS NOT NULL
Hibernate: select count(bp1_0.id) from business_profiles bp1_0 where bp1_0.verification_status=? and bp1_0.is_deleted=false
Hibernate: SELECT COUNT(*) FROM listings WHERE is_deleted = false AND created_at >= CURRENT_DATE
Hibernate: select u1_0.id,u1_0.app_usage_role,u1_0.created_at,u1_0.first_name,u1_0.last_name,u1_0.mobile_number,u1_0.otp_expiry,u1_0.password,u1_0.preferred_language,u1_0.reset_otp,u1_0.user_id from users u1_0 where u1_0.mobile_number=?
Hibernate: select dg1_0.id,dg1_0.accent_color,dg1_0.backend_ui,dg1_0.background_image_url,dg1_0.badge_en,dg1_0.badge_hi,dg1_0.category_keys,dg1_0.created_at,dg1_0.cta_type,dg1_0.cta_value,dg1_0.display_order,dg1_0.group_key,dg1_0.icon,dg1_0.is_active,dg1_0.label_en,dg1_0.label_hi,dg1_0.listing_type,dg1_0.unit_en,dg1_0.unit_hi,dg1_0.updated_at,dg1_0.updated_by from deal_groups dg1_0 where dg1_0.group_key=?
Hibernate: select mc1_0.id,mc1_0.action_type,mc1_0.category_key,mc1_0.category_name_en,mc1_0.category_name_hi,mc1_0.created_at,mc1_0.display_order,mc1_0.icon_url,mc1_0.is_active,mc1_0.link_key,mc1_0.module_id,mc1_0.parent_id from module_categories mc1_0 where mc1_0.category_key=?
Hibernate: select mc1_0.id,mc1_0.action_type,mc1_0.category_key,mc1_0.category_name_en,mc1_0.category_name_hi,mc1_0.created_at,mc1_0.display_order,mc1_0.icon_url,mc1_0.is_active,mc1_0.link_key,mc1_0.module_id,mc1_0.parent_id from module_categories mc1_0 where mc1_0.category_key=?
Hibernate: SELECT l.* FROM listings l WHERE l.is_deleted = false AND l.status = 'ACTIVE' AND l.is_active = true AND l.created_at >= CURRENT_DATE AND l.category_id IN (?,?) AND (? IS NULL OR l.listing_type = ?) AND (CAST(? AS float8) IS NULL OR (       l.latitude  BETWEEN CAST(? AS float8) AND CAST(? AS float8)   AND l.longitude BETWEEN CAST(? AS float8) AND CAST(? AS float8))) ORDER BY l.offered_price ASC, l.created_at DESC fetch first ? rows only
Hibernate: select u1_0.id,u1_0.app_usage_role,u1_0.created_at,u1_0.first_name,u1_0.last_name,u1_0.mobile_number,u1_0.otp_expiry,u1_0.password,u1_0.preferred_language,u1_0.reset_otp,u1_0.user_id from users u1_0 where u1_0.mobile_number=?
Hibernate: SELECT * FROM stat_tiles WHERE is_active = true ORDER BY display_order ASC
Hibernate: SELECT COUNT(*) FROM listings WHERE is_deleted = false AND status = 'ACTIVE' AND is_active = true
Hibernate: SELECT COUNT(DISTINCT address->>'district') FROM listings WHERE is_deleted = false AND address->>'district' IS NOT NULL
Hibernate: select count(bp1_0.id) from business_profiles bp1_0 where bp1_0.verification_status=? and bp1_0.is_deleted=false
Hibernate: SELECT COUNT(*) FROM listings WHERE is_deleted = false AND created_at >= CURRENT_DATE
Hibernate: select u1_0.id,u1_0.app_usage_role,u1_0.created_at,u1_0.first_name,u1_0.last_name,u1_0.mobile_number,u1_0.otp_expiry,u1_0.password,u1_0.preferred_language,u1_0.reset_otp,u1_0.user_id from users u1_0 where u1_0.mobile_number=?
Hibernate: select dg1_0.id,dg1_0.accent_color,dg1_0.backend_ui,dg1_0.background_image_url,dg1_0.badge_en,dg1_0.badge_hi,dg1_0.category_keys,dg1_0.created_at,dg1_0.cta_type,dg1_0.cta_value,dg1_0.display_order,dg1_0.group_key,dg1_0.icon,dg1_0.is_active,dg1_0.label_en,dg1_0.label_hi,dg1_0.listing_type,dg1_0.unit_en,dg1_0.unit_hi,dg1_0.updated_at,dg1_0.updated_by from deal_groups dg1_0 where dg1_0.group_key=?
Hibernate: select mc1_0.id,mc1_0.action_type,mc1_0.category_key,mc1_0.category_name_en,mc1_0.category_name_hi,mc1_0.created_at,mc1_0.display_order,mc1_0.icon_url,mc1_0.is_active,mc1_0.link_key,mc1_0.module_id,mc1_0.parent_id from module_categories mc1_0 where mc1_0.category_key=?
Hibernate: SELECT l.* FROM listings l WHERE l.is_deleted = false AND l.status = 'ACTIVE' AND l.is_active = true AND l.created_at >= CURRENT_DATE AND l.category_id IN (?) AND (? IS NULL OR l.listing_type = ?) AND (CAST(? AS float8) IS NULL OR (       l.latitude  BETWEEN CAST(? AS float8) AND CAST(? AS float8)   AND l.longitude BETWEEN CAST(? AS float8) AND CAST(? AS float8))) ORDER BY l.offered_price ASC, l.created_at DESC fetch first ? rows only
Hibernate: select u1_0.id,u1_0.app_usage_role,u1_0.created_at,u1_0.first_name,u1_0.last_name,u1_0.mobile_number,u1_0.otp_expiry,u1_0.password,u1_0.preferred_language,u1_0.reset_otp,u1_0.user_id from users u1_0 where u1_0.mobile_number=?
Hibernate: SELECT * FROM stat_tiles WHERE is_active = true ORDER BY display_order ASC
Hibernate: SELECT COUNT(*) FROM listings WHERE is_deleted = false AND status = 'ACTIVE' AND is_active = true
Hibernate: SELECT COUNT(DISTINCT address->>'district') FROM listings WHERE is_deleted = false AND address->>'district' IS NOT NULL
Hibernate: select count(bp1_0.id) from business_profiles bp1_0 where bp1_0.verification_status=? and bp1_0.is_deleted=false
Hibernate: SELECT COUNT(*) FROM listings WHERE is_deleted = false AND created_at >= CURRENT_DATE
Hibernate: select u1_0.id,u1_0.app_usage_role,u1_0.created_at,u1_0.first_name,u1_0.last_name,u1_0.mobile_number,u1_0.otp_expiry,u1_0.password,u1_0.preferred_language,u1_0.reset_otp,u1_0.user_id from users u1_0 where u1_0.mobile_number=?
Hibernate: select dg1_0.id,dg1_0.accent_color,dg1_0.backend_ui,dg1_0.background_image_url,dg1_0.badge_en,dg1_0.badge_hi,dg1_0.category_keys,dg1_0.created_at,dg1_0.cta_type,dg1_0.cta_value,dg1_0.display_order,dg1_0.group_key,dg1_0.icon,dg1_0.is_active,dg1_0.label_en,dg1_0.label_hi,dg1_0.listing_type,dg1_0.unit_en,dg1_0.unit_hi,dg1_0.updated_at,dg1_0.updated_by from deal_groups dg1_0 where dg1_0.group_key=?
Hibernate: select mc1_0.id,mc1_0.action_type,mc1_0.category_key,mc1_0.category_name_en,mc1_0.category_name_hi,mc1_0.created_at,mc1_0.display_order,mc1_0.icon_url,mc1_0.is_active,mc1_0.link_key,mc1_0.module_id,mc1_0.parent_id from module_categories mc1_0 where mc1_0.category_key=?
Hibernate: SELECT l.* FROM listings l WHERE l.is_deleted = false AND l.status = 'ACTIVE' AND l.is_active = true AND l.created_at >= CURRENT_DATE AND l.category_id IN (?) AND (? IS NULL OR l.listing_type = ?) AND (CAST(? AS float8) IS NULL OR (       l.latitude  BETWEEN CAST(? AS float8) AND CAST(? AS float8)   AND l.longitude BETWEEN CAST(? AS float8) AND CAST(? AS float8))) ORDER BY l.offered_price ASC, l.created_at DESC fetch first ? rows only
Hibernate: select u1_0.id,u1_0.app_usage_role,u1_0.created_at,u1_0.first_name,u1_0.last_name,u1_0.mobile_number,u1_0.otp_expiry,u1_0.password,u1_0.preferred_language,u1_0.reset_otp,u1_0.user_id from users u1_0 where u1_0.mobile_number=?
Hibernate: SELECT * FROM stat_tiles WHERE is_active = true ORDER BY display_order ASC
Hibernate: SELECT COUNT(*) FROM listings WHERE is_deleted = false AND status = 'ACTIVE' AND is_active = true
Hibernate: SELECT COUNT(DISTINCT address->>'district') FROM listings WHERE is_deleted = false AND address->>'district' IS NOT NULL
Hibernate: select count(bp1_0.id) from business_profiles bp1_0 where bp1_0.verification_status=? and bp1_0.is_deleted=false
Hibernate: SELECT COUNT(*) FROM listings WHERE is_deleted = false AND created_at >= CURRENT_DATE
Hibernate: select u1_0.id,u1_0.app_usage_role,u1_0.created_at,u1_0.first_name,u1_0.last_name,u1_0.mobile_number,u1_0.otp_expiry,u1_0.password,u1_0.preferred_language,u1_0.reset_otp,u1_0.user_id from users u1_0 where u1_0.mobile_number=?
Hibernate: select u1_0.id,u1_0.app_usage_role,u1_0.created_at,u1_0.first_name,u1_0.last_name,u1_0.mobile_number,u1_0.otp_expiry,u1_0.password,u1_0.preferred_language,u1_0.reset_otp,u1_0.user_id from users u1_0 where u1_0.mobile_number=?
Hibernate: select u1_0.id,u1_0.app_usage_role,u1_0.created_at,u1_0.first_name,u1_0.last_name,u1_0.mobile_number,u1_0.otp_expiry,u1_0.password,u1_0.preferred_language,u1_0.reset_otp,u1_0.user_id from users u1_0 where u1_0.mobile_number=?
Hibernate: select u1_0.id,u1_0.app_usage_role,u1_0.created_at,u1_0.first_name,u1_0.last_name,u1_0.mobile_number,u1_0.otp_expiry,u1_0.password,u1_0.preferred_language,u1_0.reset_otp,u1_0.user_id from users u1_0 where u1_0.mobile_number=?
Hibernate: select u1_0.id,u1_0.app_usage_role,u1_0.created_at,u1_0.first_name,u1_0.last_name,u1_0.mobile_number,u1_0.otp_expiry,u1_0.password,u1_0.preferred_language,u1_0.reset_otp,u1_0.user_id from users u1_0 where u1_0.mobile_number=?
Hibernate: select ua1_0.id,ua1_0.address_id,ua1_0.alt_mobile_number,ua1_0.city,ua1_0.country,ua1_0.created_at,ua1_0.district,ua1_0.full_address,ua1_0.is_default,ua1_0.is_deleted,ua1_0.label,ua1_0.latitude,ua1_0.longitude,ua1_0.mobile_number,ua1_0.pin_code,ua1_0.state,ua1_0.updated_at,ua1_0.user_id,ua1_0.village from user_addresses ua1_0 where ua1_0.user_id=? and ua1_0.is_deleted=false order by ua1_0.is_default desc,ua1_0.created_at desc
Hibernate: select u1_0.id,u1_0.app_usage_role,u1_0.created_at,u1_0.first_name,u1_0.last_name,u1_0.mobile_number,u1_0.otp_expiry,u1_0.password,u1_0.preferred_language,u1_0.reset_otp,u1_0.user_id from users u1_0 where u1_0.mobile_number=?
Hibernate: select am1_0.id,am1_0.created_at,am1_0.is_active,am1_0.module_key,am1_0.module_name_en,am1_0.module_name_hi from app_modules am1_0 where am1_0.is_active=true
Hibernate: select u1_0.id,u1_0.app_usage_role,u1_0.created_at,u1_0.first_name,u1_0.last_name,u1_0.mobile_number,u1_0.otp_expiry,u1_0.password,u1_0.preferred_language,u1_0.reset_otp,u1_0.user_id from users u1_0 where u1_0.mobile_number=?
Hibernate: select u1_0.id,u1_0.app_usage_role,u1_0.created_at,u1_0.first_name,u1_0.last_name,u1_0.mobile_number,u1_0.otp_expiry,u1_0.password,u1_0.preferred_language,u1_0.reset_otp,u1_0.user_id from users u1_0 where u1_0.mobile_number=?
Hibernate: select u1_0.id,u1_0.app_usage_role,u1_0.created_at,u1_0.first_name,u1_0.last_name,u1_0.mobile_number,u1_0.otp_expiry,u1_0.password,u1_0.preferred_language,u1_0.reset_otp,u1_0.user_id from users u1_0 where u1_0.mobile_number=?
Hibernate: SELECT * FROM stat_tiles WHERE is_active = true ORDER BY display_order ASC
Hibernate: select dg1_0.id,dg1_0.accent_color,dg1_0.backend_ui,dg1_0.background_image_url,dg1_0.badge_en,dg1_0.badge_hi,dg1_0.category_keys,dg1_0.created_at,dg1_0.cta_type,dg1_0.cta_value,dg1_0.display_order,dg1_0.group_key,dg1_0.icon,dg1_0.is_active,dg1_0.label_en,dg1_0.label_hi,dg1_0.listing_type,dg1_0.unit_en,dg1_0.unit_hi,dg1_0.updated_at,dg1_0.updated_by from deal_groups dg1_0 where dg1_0.is_active=true order by dg1_0.display_order
Hibernate: SELECT COUNT(*) FROM listings WHERE is_deleted = false AND status = 'ACTIVE' AND is_active = true
Hibernate: select mc1_0.id,mc1_0.action_type,mc1_0.category_key,mc1_0.category_name_en,mc1_0.category_name_hi,mc1_0.created_at,mc1_0.display_order,mc1_0.icon_url,mc1_0.is_active,mc1_0.link_key,mc1_0.module_id,mc1_0.parent_id from module_categories mc1_0 where mc1_0.category_key=?
Hibernate: SELECT COUNT(DISTINCT address->>'district') FROM listings WHERE is_deleted = false AND address->>'district' IS NOT NULL
Hibernate: SELECT COUNT(*) FROM listings WHERE is_deleted = false AND status = 'ACTIVE' AND is_active = true AND created_at >= CURRENT_DATE AND category_id IN (?) AND (? IS NULL OR listing_type = ?)
Hibernate: select count(bp1_0.id) from business_profiles bp1_0 where bp1_0.verification_status=? and bp1_0.is_deleted=false
Hibernate: SELECT MIN(offered_price) FROM listings WHERE is_deleted = false AND status = 'ACTIVE' AND is_active = true AND created_at >= CURRENT_DATE AND category_id IN (?) AND (? IS NULL OR listing_type = ?)
Hibernate: SELECT COUNT(*) FROM listings WHERE is_deleted = false AND created_at >= CURRENT_DATE
Hibernate: select mc1_0.id,mc1_0.action_type,mc1_0.category_key,mc1_0.category_name_en,mc1_0.category_name_hi,mc1_0.created_at,mc1_0.display_order,mc1_0.icon_url,mc1_0.is_active,mc1_0.link_key,mc1_0.module_id,mc1_0.parent_id from module_categories mc1_0 where mc1_0.category_key=?
Hibernate: SELECT COUNT(*) FROM listings WHERE is_deleted = false AND status = 'ACTIVE' AND is_active = true AND created_at >= CURRENT_DATE AND category_id IN (?) AND (? IS NULL OR listing_type = ?)
Hibernate: select mc1_0.id,mc1_0.action_type,mc1_0.category_key,mc1_0.category_name_en,mc1_0.category_name_hi,mc1_0.created_at,mc1_0.display_order,mc1_0.icon_url,mc1_0.is_active,mc1_0.link_key,mc1_0.module_id,mc1_0.parent_id from module_categories mc1_0 where mc1_0.category_key=?
Hibernate: SELECT COUNT(*) FROM listings WHERE is_deleted = false AND status = 'ACTIVE' AND is_active = true AND created_at >= CURRENT_DATE AND category_id IN (?) AND (? IS NULL OR listing_type = ?)
Hibernate: select mc1_0.id,mc1_0.action_type,mc1_0.category_key,mc1_0.category_name_en,mc1_0.category_name_hi,mc1_0.created_at,mc1_0.display_order,mc1_0.icon_url,mc1_0.is_active,mc1_0.link_key,mc1_0.module_id,mc1_0.parent_id from module_categories mc1_0 where mc1_0.category_key=?
Hibernate: select mc1_0.id,mc1_0.action_type,mc1_0.category_key,mc1_0.category_name_en,mc1_0.category_name_hi,mc1_0.created_at,mc1_0.display_order,mc1_0.icon_url,mc1_0.is_active,mc1_0.link_key,mc1_0.module_id,mc1_0.parent_id from module_categories mc1_0 where mc1_0.category_key=?
Hibernate: SELECT COUNT(*) FROM listings WHERE is_deleted = false AND status = 'ACTIVE' AND is_active = true AND created_at >= CURRENT_DATE AND category_id IN (?,?) AND (? IS NULL OR listing_type = ?)
Hibernate: SELECT MIN(offered_price) FROM listings WHERE is_deleted = false AND status = 'ACTIVE' AND is_active = true AND created_at >= CURRENT_DATE AND category_id IN (?,?) AND (? IS NULL OR listing_type = ?)
Hibernate: select u1_0.id,u1_0.app_usage_role,u1_0.created_at,u1_0.first_name,u1_0.last_name,u1_0.mobile_number,u1_0.otp_expiry,u1_0.password,u1_0.preferred_language,u1_0.reset_otp,u1_0.user_id from users u1_0 where u1_0.mobile_number=?
Hibernate: select dg1_0.id,dg1_0.accent_color,dg1_0.backend_ui,dg1_0.background_image_url,dg1_0.badge_en,dg1_0.badge_hi,dg1_0.category_keys,dg1_0.created_at,dg1_0.cta_type,dg1_0.cta_value,dg1_0.display_order,dg1_0.group_key,dg1_0.icon,dg1_0.is_active,dg1_0.label_en,dg1_0.label_hi,dg1_0.listing_type,dg1_0.unit_en,dg1_0.unit_hi,dg1_0.updated_at,dg1_0.updated_by from deal_groups dg1_0 where dg1_0.group_key=?
Hibernate: select mc1_0.id,mc1_0.action_type,mc1_0.category_key,mc1_0.category_name_en,mc1_0.category_name_hi,mc1_0.created_at,mc1_0.display_order,mc1_0.icon_url,mc1_0.is_active,mc1_0.link_key,mc1_0.module_id,mc1_0.parent_id from module_categories mc1_0 where mc1_0.category_key=?
Hibernate: SELECT l.* FROM listings l WHERE l.is_deleted = false AND l.status = 'ACTIVE' AND l.is_active = true AND l.created_at >= CURRENT_DATE AND l.category_id IN (?) AND (? IS NULL OR l.listing_type = ?) AND (CAST(? AS float8) IS NULL OR (       l.latitude  BETWEEN CAST(? AS float8) AND CAST(? AS float8)   AND l.longitude BETWEEN CAST(? AS float8) AND CAST(? AS float8))) ORDER BY l.offered_price ASC, l.created_at DESC fetch first ? rows only
Hibernate: select us1_0.id,us1_0.auto_renew,us1_0.created_at,us1_0.expires_at,us1_0.granted_by,us1_0.notes,us1_0.payment_gateway,us1_0.payment_ref,us1_0.plan_id,us1_0.started_at,us1_0.status,us1_0.subscription_id,us1_0.updated_at,us1_0.user_id from user_subscriptions us1_0 where us1_0.user_id=? and us1_0.status='ACTIVE' and us1_0.expires_at>?
Hibernate: select bp1_0.id,bp1_0.address,bp1_0.attributes,bp1_0.block_reason,bp1_0.business_name,bp1_0.created_at,bp1_0.documents,bp1_0.form_id,bp1_0.form_version,bp1_0.is_active,bp1_0.is_deleted,bp1_0.is_visible,bp1_0.latitude,bp1_0.longitude,bp1_0.profile_id,bp1_0.profile_type,bp1_0.reject_reason,bp1_0.updated_at,bp1_0.user_id,bp1_0.verification_status,bp1_0.verified_at,bp1_0.verified_by from business_profiles bp1_0 where bp1_0.user_id=? and bp1_0.verification_status=? and bp1_0.is_deleted=false
Hibernate: select u1_0.id,u1_0.app_usage_role,u1_0.created_at,u1_0.first_name,u1_0.last_name,u1_0.mobile_number,u1_0.otp_expiry,u1_0.password,u1_0.preferred_language,u1_0.reset_otp,u1_0.user_id from users u1_0 where u1_0.mobile_number=?
Hibernate: SELECT * FROM stat_tiles WHERE is_active = true ORDER BY display_order ASC
Hibernate: SELECT COUNT(*) FROM listings WHERE is_deleted = false AND status = 'ACTIVE' AND is_active = true
Hibernate: SELECT COUNT(DISTINCT address->>'district') FROM listings WHERE is_deleted = false AND address->>'district' IS NOT NULL
Hibernate: select count(bp1_0.id) from business_profiles bp1_0 where bp1_0.verification_status=? and bp1_0.is_deleted=false
Hibernate: SELECT COUNT(*) FROM listings WHERE is_deleted = false AND created_at >= CURRENT_DATE
Hibernate: select u1_0.id,u1_0.app_usage_role,u1_0.created_at,u1_0.first_name,u1_0.last_name,u1_0.mobile_number,u1_0.otp_expiry,u1_0.password,u1_0.preferred_language,u1_0.reset_otp,u1_0.user_id from users u1_0 where u1_0.mobile_number=?
Hibernate: select dg1_0.id,dg1_0.accent_color,dg1_0.backend_ui,dg1_0.background_image_url,dg1_0.badge_en,dg1_0.badge_hi,dg1_0.category_keys,dg1_0.created_at,dg1_0.cta_type,dg1_0.cta_value,dg1_0.display_order,dg1_0.group_key,dg1_0.icon,dg1_0.is_active,dg1_0.label_en,dg1_0.label_hi,dg1_0.listing_type,dg1_0.unit_en,dg1_0.unit_hi,dg1_0.updated_at,dg1_0.updated_by from deal_groups dg1_0 where dg1_0.group_key=?
Hibernate: select mc1_0.id,mc1_0.action_type,mc1_0.category_key,mc1_0.category_name_en,mc1_0.category_name_hi,mc1_0.created_at,mc1_0.display_order,mc1_0.icon_url,mc1_0.is_active,mc1_0.link_key,mc1_0.module_id,mc1_0.parent_id from module_categories mc1_0 where mc1_0.category_key=?
Hibernate: select mc1_0.id,mc1_0.action_type,mc1_0.category_key,mc1_0.category_name_en,mc1_0.category_name_hi,mc1_0.created_at,mc1_0.display_order,mc1_0.icon_url,mc1_0.is_active,mc1_0.link_key,mc1_0.module_id,mc1_0.parent_id from module_categories mc1_0 where mc1_0.category_key=?
Hibernate: SELECT l.* FROM listings l WHERE l.is_deleted = false AND l.status = 'ACTIVE' AND l.is_active = true AND l.created_at >= CURRENT_DATE AND l.category_id IN (?,?) AND (? IS NULL OR l.listing_type = ?) AND (CAST(? AS float8) IS NULL OR (       l.latitude  BETWEEN CAST(? AS float8) AND CAST(? AS float8)   AND l.longitude BETWEEN CAST(? AS float8) AND CAST(? AS float8))) ORDER BY l.offered_price ASC, l.created_at DESC fetch first ? rows only
Hibernate: select us1_0.id,us1_0.auto_renew,us1_0.created_at,us1_0.expires_at,us1_0.granted_by,us1_0.notes,us1_0.payment_gateway,us1_0.payment_ref,us1_0.plan_id,us1_0.started_at,us1_0.status,us1_0.subscription_id,us1_0.updated_at,us1_0.user_id from user_subscriptions us1_0 where us1_0.user_id=? and us1_0.status='ACTIVE' and us1_0.expires_at>?
Hibernate: select bp1_0.id,bp1_0.address,bp1_0.attributes,bp1_0.block_reason,bp1_0.business_name,bp1_0.created_at,bp1_0.documents,bp1_0.form_id,bp1_0.form_version,bp1_0.is_active,bp1_0.is_deleted,bp1_0.is_visible,bp1_0.latitude,bp1_0.longitude,bp1_0.profile_id,bp1_0.profile_type,bp1_0.reject_reason,bp1_0.updated_at,bp1_0.user_id,bp1_0.verification_status,bp1_0.verified_at,bp1_0.verified_by from business_profiles bp1_0 where bp1_0.user_id=? and bp1_0.verification_status=? and bp1_0.is_deleted=false
Hibernate: select u1_0.id,u1_0.app_usage_role,u1_0.created_at,u1_0.first_name,u1_0.last_name,u1_0.mobile_number,u1_0.otp_expiry,u1_0.password,u1_0.preferred_language,u1_0.reset_otp,u1_0.user_id from users u1_0 where u1_0.mobile_number=?
Hibernate: select dg1_0.id,dg1_0.accent_color,dg1_0.backend_ui,dg1_0.background_image_url,dg1_0.badge_en,dg1_0.badge_hi,dg1_0.category_keys,dg1_0.created_at,dg1_0.cta_type,dg1_0.cta_value,dg1_0.display_order,dg1_0.group_key,dg1_0.icon,dg1_0.is_active,dg1_0.label_en,dg1_0.label_hi,dg1_0.listing_type,dg1_0.unit_en,dg1_0.unit_hi,dg1_0.updated_at,dg1_0.updated_by from deal_groups dg1_0 where dg1_0.group_key=?
Hibernate: select mc1_0.id,mc1_0.action_type,mc1_0.category_key,mc1_0.category_name_en,mc1_0.category_name_hi,mc1_0.created_at,mc1_0.display_order,mc1_0.icon_url,mc1_0.is_active,mc1_0.link_key,mc1_0.module_id,mc1_0.parent_id from module_categories mc1_0 where mc1_0.category_key=?
Hibernate: SELECT l.* FROM listings l WHERE l.is_deleted = false AND l.status = 'ACTIVE' AND l.is_active = true AND l.created_at >= CURRENT_DATE AND l.category_id IN (?) AND (? IS NULL OR l.listing_type = ?) AND (CAST(? AS float8) IS NULL OR (       l.latitude  BETWEEN CAST(? AS float8) AND CAST(? AS float8)   AND l.longitude BETWEEN CAST(? AS float8) AND CAST(? AS float8))) ORDER BY l.offered_price ASC, l.created_at DESC fetch first ? rows only
Hibernate: select u1_0.id,u1_0.app_usage_role,u1_0.created_at,u1_0.first_name,u1_0.last_name,u1_0.mobile_number,u1_0.otp_expiry,u1_0.password,u1_0.preferred_language,u1_0.reset_otp,u1_0.user_id from users u1_0 where u1_0.mobile_number=?
Hibernate: SELECT * FROM stat_tiles WHERE is_active = true ORDER BY display_order ASC
Hibernate: SELECT COUNT(*) FROM listings WHERE is_deleted = false AND status = 'ACTIVE' AND is_active = true
Hibernate: SELECT COUNT(DISTINCT address->>'district') FROM listings WHERE is_deleted = false AND address->>'district' IS NOT NULL
Hibernate: select count(bp1_0.id) from business_profiles bp1_0 where bp1_0.verification_status=? and bp1_0.is_deleted=false
Hibernate: SELECT COUNT(*) FROM listings WHERE is_deleted = false AND created_at >= CURRENT_DATE
Hibernate: select u1_0.id,u1_0.app_usage_role,u1_0.created_at,u1_0.first_name,u1_0.last_name,u1_0.mobile_number,u1_0.otp_expiry,u1_0.password,u1_0.preferred_language,u1_0.reset_otp,u1_0.user_id from users u1_0 where u1_0.mobile_number=?
Hibernate: select dg1_0.id,dg1_0.accent_color,dg1_0.backend_ui,dg1_0.background_image_url,dg1_0.badge_en,dg1_0.badge_hi,dg1_0.category_keys,dg1_0.created_at,dg1_0.cta_type,dg1_0.cta_value,dg1_0.display_order,dg1_0.group_key,dg1_0.icon,dg1_0.is_active,dg1_0.label_en,dg1_0.label_hi,dg1_0.listing_type,dg1_0.unit_en,dg1_0.unit_hi,dg1_0.updated_at,dg1_0.updated_by from deal_groups dg1_0 where dg1_0.group_key=?
Hibernate: select mc1_0.id,mc1_0.action_type,mc1_0.category_key,mc1_0.category_name_en,mc1_0.category_name_hi,mc1_0.created_at,mc1_0.display_order,mc1_0.icon_url,mc1_0.is_active,mc1_0.link_key,mc1_0.module_id,mc1_0.parent_id from module_categories mc1_0 where mc1_0.category_key=?
Hibernate: SELECT l.* FROM listings l WHERE l.is_deleted = false AND l.status = 'ACTIVE' AND l.is_active = true AND l.created_at >= CURRENT_DATE AND l.category_id IN (?) AND (? IS NULL OR l.listing_type = ?) AND (CAST(? AS float8) IS NULL OR (       l.latitude  BETWEEN CAST(? AS float8) AND CAST(? AS float8)   AND l.longitude BETWEEN CAST(? AS float8) AND CAST(? AS float8))) ORDER BY l.offered_price ASC, l.created_at DESC fetch first ? rows only
Hibernate: select us1_0.id,us1_0.auto_renew,us1_0.created_at,us1_0.expires_at,us1_0.granted_by,us1_0.notes,us1_0.payment_gateway,us1_0.payment_ref,us1_0.plan_id,us1_0.started_at,us1_0.status,us1_0.subscription_id,us1_0.updated_at,us1_0.user_id from user_subscriptions us1_0 where us1_0.user_id=? and us1_0.status='ACTIVE' and us1_0.expires_at>?
Hibernate: select bp1_0.id,bp1_0.address,bp1_0.attributes,bp1_0.block_reason,bp1_0.business_name,bp1_0.created_at,bp1_0.documents,bp1_0.form_id,bp1_0.form_version,bp1_0.is_active,bp1_0.is_deleted,bp1_0.is_visible,bp1_0.latitude,bp1_0.longitude,bp1_0.profile_id,bp1_0.profile_type,bp1_0.reject_reason,bp1_0.updated_at,bp1_0.user_id,bp1_0.verification_status,bp1_0.verified_at,bp1_0.verified_by from business_profiles bp1_0 where bp1_0.user_id=? and bp1_0.verification_status=? and bp1_0.is_deleted=false
Hibernate: select u1_0.id,u1_0.app_usage_role,u1_0.created_at,u1_0.first_name,u1_0.last_name,u1_0.mobile_number,u1_0.otp_expiry,u1_0.password,u1_0.preferred_language,u1_0.reset_otp,u1_0.user_id from users u1_0 where u1_0.mobile_number=?
Hibernate: SELECT * FROM stat_tiles WHERE is_active = true ORDER BY display_order ASC
Hibernate: SELECT COUNT(*) FROM listings WHERE is_deleted = false AND status = 'ACTIVE' AND is_active = true
Hibernate: SELECT COUNT(DISTINCT address->>'district') FROM listings WHERE is_deleted = false AND address->>'district' IS NOT NULL
Hibernate: select count(bp1_0.id) from business_profiles bp1_0 where bp1_0.verification_status=? and bp1_0.is_deleted=false
Hibernate: SELECT COUNT(*) FROM listings WHERE is_deleted = false AND created_at >= CURRENT_DATE
Hibernate: select u1_0.id,u1_0.app_usage_role,u1_0.created_at,u1_0.first_name,u1_0.last_name,u1_0.mobile_number,u1_0.otp_expiry,u1_0.password,u1_0.preferred_language,u1_0.reset_otp,u1_0.user_id from users u1_0 where u1_0.mobile_number=?
Hibernate: select u1_0.id,u1_0.app_usage_role,u1_0.created_at,u1_0.first_name,u1_0.last_name,u1_0.mobile_number,u1_0.otp_expiry,u1_0.password,u1_0.preferred_language,u1_0.reset_otp,u1_0.user_id from users u1_0 where u1_0.mobile_number=?
Hibernate: SELECT l.* FROM listings l LEFT JOIN user_subscriptions ss ON ss.user_id = l.user_id AND ss.status = 'ACTIVE' AND ss.expires_at > NOW() LEFT JOIN subscription_plans sp ON sp.id = ss.plan_id WHERE l.is_deleted = false AND l.status = 'ACTIVE' AND l.is_active = true AND l.latitude  IS NOT NULL AND l.longitude IS NOT NULL AND (?      IS NULL OR l.category_id  = ?) AND (?        IS NULL OR l.module_id    = ?) AND (?     IS NULL OR l.listing_type = ?) AND (?        IS NULL OR l.offered_price >= ?) AND (?        IS NULL OR l.offered_price <= ?) AND (?        IS NULL OR l.address->>'district' ILIKE ?) AND (?           IS NULL OR l.address->>'state'    ILIKE ?) AND (?          IS NULL OR l.user_id = ?) AND (?   IS NULL OR l.user_id != ?) AND (?      IS NULL OR l.attributes @> CAST(? AS jsonb)) AND (CAST(? AS timestamp) IS NULL OR l.created_at >= CAST(? AS timestamp)) AND (CAST(? AS float8) IS NULL OR (       l.latitude  BETWEEN CAST(? AS float8) AND CAST(? AS float8)   AND l.longitude BETWEEN CAST(? AS float8) AND CAST(? AS float8))) AND (CAST(? AS text) IS NULL OR CAST(? AS text) = 'ALL'   OR (CAST(? AS text) = 'SUBSCRIBED' AND ss.id IS NOT NULL)) AND (CAST(? AS boolean) = false OR (l.images IS NOT NULL AND jsonb_array_length(l.images) > 0)) AND (CAST(? AS boolean) = false OR EXISTS (       SELECT 1 FROM business_profiles bp WHERE bp.user_id = l.user_id       AND bp.verification_status = 'APPROVED' AND bp.is_active = true AND bp.is_deleted = false)) ORDER BY CASE WHEN ? = 'offeredPrice' AND ? = 'asc'  THEN l.offered_price END ASC  NULLS LAST, CASE WHEN ? = 'offeredPrice' AND ? = 'desc' THEN l.offered_price END DESC NULLS LAST, CASE WHEN ? = 'createdAt'    AND ? = 'asc'  THEN l.created_at    END ASC  NULLS LAST, CASE WHEN ? = 'createdAt'    AND ? = 'desc' THEN l.created_at    END DESC NULLS LAST, COALESCE(sp.sort_weight, 99) ASC, (6371 * acos(LEAST(1.0, cos(radians(CAST(? AS float8))) * cos(radians(l.latitude))   * cos(radians(l.longitude) - radians(CAST(? AS float8)))   + sin(radians(CAST(? AS float8))) * sin(radians(l.latitude))))) ASC fetch first ? rows only
Hibernate: select mc1_0.id,mc1_0.action_type,mc1_0.category_key,mc1_0.category_name_en,mc1_0.category_name_hi,mc1_0.created_at,mc1_0.display_order,mc1_0.icon_url,mc1_0.is_active,mc1_0.link_key,mc1_0.module_id,mc1_0.parent_id from module_categories mc1_0 where mc1_0.id=?
Hibernate: select us1_0.id,us1_0.auto_renew,us1_0.created_at,us1_0.expires_at,us1_0.granted_by,us1_0.notes,us1_0.payment_gateway,us1_0.payment_ref,us1_0.plan_id,us1_0.started_at,us1_0.status,us1_0.subscription_id,us1_0.updated_at,us1_0.user_id from user_subscriptions us1_0 where us1_0.user_id=? and us1_0.status='ACTIVE' and us1_0.expires_at>?
Hibernate: select bp1_0.id,bp1_0.address,bp1_0.attributes,bp1_0.block_reason,bp1_0.business_name,bp1_0.created_at,bp1_0.documents,bp1_0.form_id,bp1_0.form_version,bp1_0.is_active,bp1_0.is_deleted,bp1_0.is_visible,bp1_0.latitude,bp1_0.longitude,bp1_0.profile_id,bp1_0.profile_type,bp1_0.reject_reason,bp1_0.updated_at,bp1_0.user_id,bp1_0.verification_status,bp1_0.verified_at,bp1_0.verified_by from business_profiles bp1_0 where bp1_0.user_id=? and bp1_0.verification_status=? and bp1_0.is_deleted=false
Hibernate: select us1_0.id,us1_0.auto_renew,us1_0.created_at,us1_0.expires_at,us1_0.granted_by,us1_0.notes,us1_0.payment_gateway,us1_0.payment_ref,us1_0.plan_id,us1_0.started_at,us1_0.status,us1_0.subscription_id,us1_0.updated_at,us1_0.user_id from user_subscriptions us1_0 where us1_0.user_id=? and us1_0.status='ACTIVE' and us1_0.expires_at>?
Hibernate: select bp1_0.id,bp1_0.address,bp1_0.attributes,bp1_0.block_reason,bp1_0.business_name,bp1_0.created_at,bp1_0.documents,bp1_0.form_id,bp1_0.form_version,bp1_0.is_active,bp1_0.is_deleted,bp1_0.is_visible,bp1_0.latitude,bp1_0.longitude,bp1_0.profile_id,bp1_0.profile_type,bp1_0.reject_reason,bp1_0.updated_at,bp1_0.user_id,bp1_0.verification_status,bp1_0.verified_at,bp1_0.verified_by from business_profiles bp1_0 where bp1_0.user_id=? and bp1_0.verification_status=? and bp1_0.is_deleted=false
Hibernate: select mc1_0.id,mc1_0.action_type,mc1_0.category_key,mc1_0.category_name_en,mc1_0.category_name_hi,mc1_0.created_at,mc1_0.display_order,mc1_0.icon_url,mc1_0.is_active,mc1_0.link_key,mc1_0.module_id,mc1_0.parent_id from module_categories mc1_0 where mc1_0.id=?
Hibernate: select us1_0.id,us1_0.auto_renew,us1_0.created_at,us1_0.expires_at,us1_0.granted_by,us1_0.notes,us1_0.payment_gateway,us1_0.payment_ref,us1_0.plan_id,us1_0.started_at,us1_0.status,us1_0.subscription_id,us1_0.updated_at,us1_0.user_id from user_subscriptions us1_0 where us1_0.user_id=? and us1_0.status='ACTIVE' and us1_0.expires_at>?
Hibernate: select bp1_0.id,bp1_0.address,bp1_0.attributes,bp1_0.block_reason,bp1_0.business_name,bp1_0.created_at,bp1_0.documents,bp1_0.form_id,bp1_0.form_version,bp1_0.is_active,bp1_0.is_deleted,bp1_0.is_visible,bp1_0.latitude,bp1_0.longitude,bp1_0.profile_id,bp1_0.profile_type,bp1_0.reject_reason,bp1_0.updated_at,bp1_0.user_id,bp1_0.verification_status,bp1_0.verified_at,bp1_0.verified_by from business_profiles bp1_0 where bp1_0.user_id=? and bp1_0.verification_status=? and bp1_0.is_deleted=false
Hibernate: select us1_0.id,us1_0.auto_renew,us1_0.created_at,us1_0.expires_at,us1_0.granted_by,us1_0.notes,us1_0.payment_gateway,us1_0.payment_ref,us1_0.plan_id,us1_0.started_at,us1_0.status,us1_0.subscription_id,us1_0.updated_at,us1_0.user_id from user_subscriptions us1_0 where us1_0.user_id=? and us1_0.status='ACTIVE' and us1_0.expires_at>?
Hibernate: select bp1_0.id,bp1_0.address,bp1_0.attributes,bp1_0.block_reason,bp1_0.business_name,bp1_0.created_at,bp1_0.documents,bp1_0.form_id,bp1_0.form_version,bp1_0.is_active,bp1_0.is_deleted,bp1_0.is_visible,bp1_0.latitude,bp1_0.longitude,bp1_0.profile_id,bp1_0.profile_type,bp1_0.reject_reason,bp1_0.updated_at,bp1_0.user_id,bp1_0.verification_status,bp1_0.verified_at,bp1_0.verified_by from business_profiles bp1_0 where bp1_0.user_id=? and bp1_0.verification_status=? and bp1_0.is_deleted=false
Hibernate: select u1_0.id,u1_0.app_usage_role,u1_0.created_at,u1_0.first_name,u1_0.last_name,u1_0.mobile_number,u1_0.otp_expiry,u1_0.password,u1_0.preferred_language,u1_0.reset_otp,u1_0.user_id from users u1_0 where u1_0.mobile_number=?
Hibernate: SELECT * FROM stat_tiles WHERE is_active = true ORDER BY display_order ASC
Hibernate: SELECT COUNT(*) FROM listings WHERE is_deleted = false AND status = 'ACTIVE' AND is_active = true
Hibernate: SELECT COUNT(DISTINCT address->>'district') FROM listings WHERE is_deleted = false AND address->>'district' IS NOT NULL
Hibernate: select count(bp1_0.id) from business_profiles bp1_0 where bp1_0.verification_status=? and bp1_0.is_deleted=false
Hibernate: SELECT COUNT(*) FROM listings WHERE is_deleted = false AND created_at >= CURRENT_DATE
Hibernate: select u1_0.id,u1_0.app_usage_role,u1_0.created_at,u1_0.first_name,u1_0.last_name,u1_0.mobile_number,u1_0.otp_expiry,u1_0.password,u1_0.preferred_language,u1_0.reset_otp,u1_0.user_id from users u1_0 where u1_0.mobile_number=?
Hibernate: SELECT * FROM stat_tiles WHERE is_active = true ORDER BY display_order ASC
Hibernate: SELECT COUNT(*) FROM listings WHERE is_deleted = false AND status = 'ACTIVE' AND is_active = true
Hibernate: SELECT COUNT(DISTINCT address->>'district') FROM listings WHERE is_deleted = false AND address->>'district' IS NOT NULL
Hibernate: select count(bp1_0.id) from business_profiles bp1_0 where bp1_0.verification_status=? and bp1_0.is_deleted=false
Hibernate: SELECT COUNT(*) FROM listings WHERE is_deleted = false AND created_at >= CURRENT_DATE
Hibernate: select u1_0.id,u1_0.app_usage_role,u1_0.created_at,u1_0.first_name,u1_0.last_name,u1_0.mobile_number,u1_0.otp_expiry,u1_0.password,u1_0.preferred_language,u1_0.reset_otp,u1_0.user_id from users u1_0 where u1_0.mobile_number=?
Hibernate: select dg1_0.id,dg1_0.accent_color,dg1_0.backend_ui,dg1_0.background_image_url,dg1_0.badge_en,dg1_0.badge_hi,dg1_0.category_keys,dg1_0.created_at,dg1_0.cta_type,dg1_0.cta_value,dg1_0.display_order,dg1_0.group_key,dg1_0.icon,dg1_0.is_active,dg1_0.label_en,dg1_0.label_hi,dg1_0.listing_type,dg1_0.unit_en,dg1_0.unit_hi,dg1_0.updated_at,dg1_0.updated_by from deal_groups dg1_0 where dg1_0.group_key=?
Hibernate: select mc1_0.id,mc1_0.action_type,mc1_0.category_key,mc1_0.category_name_en,mc1_0.category_name_hi,mc1_0.created_at,mc1_0.display_order,mc1_0.icon_url,mc1_0.is_active,mc1_0.link_key,mc1_0.module_id,mc1_0.parent_id from module_categories mc1_0 where mc1_0.category_key=?
Hibernate: SELECT l.* FROM listings l WHERE l.is_deleted = false AND l.status = 'ACTIVE' AND l.is_active = true AND l.created_at >= CURRENT_DATE AND l.category_id IN (?) AND (? IS NULL OR l.listing_type = ?) AND (CAST(? AS float8) IS NULL OR (       l.latitude  BETWEEN CAST(? AS float8) AND CAST(? AS float8)   AND l.longitude BETWEEN CAST(? AS float8) AND CAST(? AS float8))) ORDER BY l.offered_price ASC, l.created_at DESC fetch first ? rows only
Hibernate: select u1_0.id,u1_0.app_usage_role,u1_0.created_at,u1_0.first_name,u1_0.last_name,u1_0.mobile_number,u1_0.otp_expiry,u1_0.password,u1_0.preferred_language,u1_0.reset_otp,u1_0.user_id from users u1_0 where u1_0.mobile_number=?
Hibernate: SELECT * FROM stat_tiles WHERE is_active = true ORDER BY display_order ASC
Hibernate: SELECT COUNT(*) FROM listings WHERE is_deleted = false AND status = 'ACTIVE' AND is_active = true
Hibernate: SELECT COUNT(DISTINCT address->>'district') FROM listings WHERE is_deleted = false AND address->>'district' IS NOT NULL
Hibernate: select count(bp1_0.id) from business_profiles bp1_0 where bp1_0.verification_status=? and bp1_0.is_deleted=false
Hibernate: SELECT COUNT(*) FROM listings WHERE is_deleted = false AND created_at >= CURRENT_DATE
Hibernate: select u1_0.id,u1_0.app_usage_role,u1_0.created_at,u1_0.first_name,u1_0.last_name,u1_0.mobile_number,u1_0.otp_expiry,u1_0.password,u1_0.preferred_language,u1_0.reset_otp,u1_0.user_id from users u1_0 where u1_0.mobile_number=?
Hibernate: SELECT * FROM stat_tiles WHERE is_active = true ORDER BY display_order ASC
Hibernate: SELECT COUNT(*) FROM listings WHERE is_deleted = false AND status = 'ACTIVE' AND is_active = true
Hibernate: SELECT COUNT(DISTINCT address->>'district') FROM listings WHERE is_deleted = false AND address->>'district' IS NOT NULL
Hibernate: select count(bp1_0.id) from business_profiles bp1_0 where bp1_0.verification_status=? and bp1_0.is_deleted=false
Hibernate: SELECT COUNT(*) FROM listings WHERE is_deleted = false AND created_at >= CURRENT_DATE
Hibernate: select u1_0.id,u1_0.app_usage_role,u1_0.created_at,u1_0.first_name,u1_0.last_name,u1_0.mobile_number,u1_0.otp_expiry,u1_0.password,u1_0.preferred_language,u1_0.reset_otp,u1_0.user_id from users u1_0 where u1_0.mobile_number=?
Hibernate: select u1_0.id,u1_0.app_usage_role,u1_0.created_at,u1_0.first_name,u1_0.last_name,u1_0.mobile_number,u1_0.otp_expiry,u1_0.password,u1_0.preferred_language,u1_0.reset_otp,u1_0.user_id from users u1_0 where u1_0.mobile_number=?
Hibernate: select l1_0.id,l1_0.actual_price,l1_0.address,l1_0.address_id,l1_0.attributes,l1_0.category_id,l1_0.contact_number,l1_0.contact_reveal_count,l1_0.created_at,l1_0.created_by,l1_0.discount_expires_at,l1_0.discount_pct,l1_0.favorite_count,l1_0.flash_deal,l1_0.form_id,l1_0.form_version,l1_0.images,l1_0.is_active,l1_0.is_deleted,l1_0.is_negotiable,l1_0.latitude,l1_0.listing_id,l1_0.listing_type,l1_0.longitude,l1_0.module_id,l1_0.offered_price,l1_0.quantity,l1_0.search_vector,l1_0.show_contact,l1_0.status,l1_0.unit,l1_0.updated_at,l1_0.updated_by,l1_0.user_id,l1_0.user_mobile_number,l1_0.view_count from listings l1_0 where l1_0.user_id=? and l1_0.is_deleted=false and (? is null or l1_0.listing_type=?) and (? is null or l1_0.status=?) order by l1_0.created_at desc fetch first ? rows only
Hibernate: select u1_0.id,u1_0.app_usage_role,u1_0.created_at,u1_0.first_name,u1_0.last_name,u1_0.mobile_number,u1_0.otp_expiry,u1_0.password,u1_0.preferred_language,u1_0.reset_otp,u1_0.user_id from users u1_0 where u1_0.mobile_number=?
Hibernate: select u1_0.id,u1_0.app_usage_role,u1_0.created_at,u1_0.first_name,u1_0.last_name,u1_0.mobile_number,u1_0.otp_expiry,u1_0.password,u1_0.preferred_language,u1_0.reset_otp,u1_0.user_id from users u1_0 where u1_0.mobile_number=?
Hibernate: select fd1_0.id,fd1_0.category_id,fd1_0.context_key,fd1_0.created_at,fd1_0.fields,fd1_0.form_type,fd1_0.is_active,fd1_0.listing_type,fd1_0.title,fd1_0.version from form_definitions fd1_0 where fd1_0.category_id=? and fd1_0.listing_type=? and fd1_0.is_active=true order by fd1_0.version desc fetch first ? rows only
Hibernate: select fd1_0.id,fd1_0.category_id,fd1_0.context_key,fd1_0.created_at,fd1_0.fields,fd1_0.form_type,fd1_0.is_active,fd1_0.listing_type,fd1_0.title,fd1_0.version from form_definitions fd1_0 where fd1_0.category_id=? and fd1_0.listing_type=? and fd1_0.is_active=true order by fd1_0.version desc fetch first ? rows only
Hibernate: select os1_0.id,os1_0.created_at,os1_0.is_active,os1_0.name,os1_0.set_key from option_sets os1_0 where os1_0.set_key=?
Hibernate: select os1_0.id,os1_0.created_at,os1_0.is_active,os1_0.name,os1_0.set_key from option_sets os1_0 where os1_0.set_key=?
Hibernate: select oi1_0.id,oi1_0.created_at,oi1_0.display_order,oi1_0.is_active,oi1_0.item_key,oi1_0.label,oi1_0.option_set_id,oi1_0.parent_item_id from option_items oi1_0 where oi1_0.option_set_id=? and oi1_0.is_active=true order by oi1_0.display_order
Hibernate: select oi1_0.id,oi1_0.created_at,oi1_0.display_order,oi1_0.is_active,oi1_0.item_key,oi1_0.label,oi1_0.option_set_id,oi1_0.parent_item_id from option_items oi1_0 where oi1_0.option_set_id=? and oi1_0.is_active=true order by oi1_0.display_order
Hibernate: select os1_0.id,os1_0.created_at,os1_0.is_active,os1_0.name,os1_0.set_key from option_sets os1_0 where os1_0.set_key=?
Hibernate: select os1_0.id,os1_0.created_at,os1_0.is_active,os1_0.name,os1_0.set_key from option_sets os1_0 where os1_0.set_key=?
Hibernate: select oi1_0.id,oi1_0.created_at,oi1_0.display_order,oi1_0.is_active,oi1_0.item_key,oi1_0.label,oi1_0.option_set_id,oi1_0.parent_item_id from option_items oi1_0 where oi1_0.option_set_id=? and oi1_0.is_active=true order by oi1_0.display_order
Hibernate: select oi1_0.id,oi1_0.created_at,oi1_0.display_order,oi1_0.is_active,oi1_0.item_key,oi1_0.label,oi1_0.option_set_id,oi1_0.parent_item_id from option_items oi1_0 where oi1_0.option_set_id=? and oi1_0.is_active=true order by oi1_0.display_order
Hibernate: select os1_0.id,os1_0.created_at,os1_0.is_active,os1_0.name,os1_0.set_key from option_sets os1_0 where os1_0.set_key=?
Hibernate: select oi1_0.id,oi1_0.created_at,oi1_0.display_order,oi1_0.is_active,oi1_0.item_key,oi1_0.label,oi1_0.option_set_id,oi1_0.parent_item_id from option_items oi1_0 where oi1_0.option_set_id=? and oi1_0.is_active=true order by oi1_0.display_order
Hibernate: select os1_0.id,os1_0.created_at,os1_0.is_active,os1_0.name,os1_0.set_key from option_sets os1_0 where os1_0.set_key=?
Hibernate: select oi1_0.id,oi1_0.created_at,oi1_0.display_order,oi1_0.is_active,oi1_0.item_key,oi1_0.label,oi1_0.option_set_id,oi1_0.parent_item_id from option_items oi1_0 where oi1_0.option_set_id=? and oi1_0.is_active=true order by oi1_0.display_order
Hibernate: select os1_0.id,os1_0.created_at,os1_0.is_active,os1_0.name,os1_0.set_key from option_sets os1_0 where os1_0.set_key=?
Hibernate: select oi1_0.id,oi1_0.created_at,oi1_0.display_order,oi1_0.is_active,oi1_0.item_key,oi1_0.label,oi1_0.option_set_id,oi1_0.parent_item_id from option_items oi1_0 where oi1_0.option_set_id=? and oi1_0.is_active=true order by oi1_0.display_order
Hibernate: select os1_0.id,os1_0.created_at,os1_0.is_active,os1_0.name,os1_0.set_key from option_sets os1_0 where os1_0.set_key=?
Hibernate: select oi1_0.id,oi1_0.created_at,oi1_0.display_order,oi1_0.is_active,oi1_0.item_key,oi1_0.label,oi1_0.option_set_id,oi1_0.parent_item_id from option_items oi1_0 where oi1_0.option_set_id=? and oi1_0.is_active=true order by oi1_0.display_order
Hibernate: select os1_0.id,os1_0.created_at,os1_0.is_active,os1_0.name,os1_0.set_key from option_sets os1_0 where os1_0.set_key=?
Hibernate: select oi1_0.id,oi1_0.created_at,oi1_0.display_order,oi1_0.is_active,oi1_0.item_key,oi1_0.label,oi1_0.option_set_id,oi1_0.parent_item_id from option_items oi1_0 where oi1_0.option_set_id=? and oi1_0.is_active=true order by oi1_0.display_order
Hibernate: select os1_0.id,os1_0.created_at,os1_0.is_active,os1_0.name,os1_0.set_key from option_sets os1_0 where os1_0.set_key=?
Hibernate: select oi1_0.id,oi1_0.created_at,oi1_0.display_order,oi1_0.is_active,oi1_0.item_key,oi1_0.label,oi1_0.option_set_id,oi1_0.parent_item_id from option_items oi1_0 where oi1_0.option_set_id=? and oi1_0.is_active=true order by oi1_0.display_order
Hibernate: select u1_0.id,u1_0.app_usage_role,u1_0.created_at,u1_0.first_name,u1_0.last_name,u1_0.mobile_number,u1_0.otp_expiry,u1_0.password,u1_0.preferred_language,u1_0.reset_otp,u1_0.user_id from users u1_0 where u1_0.mobile_number=?
Hibernate: select l1_0.id,l1_0.actual_price,l1_0.address,l1_0.address_id,l1_0.attributes,l1_0.category_id,l1_0.contact_number,l1_0.contact_reveal_count,l1_0.created_at,l1_0.created_by,l1_0.discount_expires_at,l1_0.discount_pct,l1_0.favorite_count,l1_0.flash_deal,l1_0.form_id,l1_0.form_version,l1_0.images,l1_0.is_active,l1_0.is_deleted,l1_0.is_negotiable,l1_0.latitude,l1_0.listing_id,l1_0.listing_type,l1_0.longitude,l1_0.module_id,l1_0.offered_price,l1_0.quantity,l1_0.search_vector,l1_0.show_contact,l1_0.status,l1_0.unit,l1_0.updated_at,l1_0.updated_by,l1_0.user_id,l1_0.user_mobile_number,l1_0.view_count from listings l1_0 where l1_0.listing_id=?
Hibernate: select u1_0.id,u1_0.app_usage_role,u1_0.created_at,u1_0.first_name,u1_0.last_name,u1_0.mobile_number,u1_0.otp_expiry,u1_0.password,u1_0.preferred_language,u1_0.reset_otp,u1_0.user_id from users u1_0 where u1_0.mobile_number=?
Hibernate: select mc1_0.id,mc1_0.action_type,mc1_0.category_key,mc1_0.category_name_en,mc1_0.category_name_hi,mc1_0.created_at,mc1_0.display_order,mc1_0.icon_url,mc1_0.is_active,mc1_0.link_key,mc1_0.module_id,mc1_0.parent_id from module_categories mc1_0 where mc1_0.id=?
Hibernate: select us1_0.id,us1_0.auto_renew,us1_0.created_at,us1_0.expires_at,us1_0.granted_by,us1_0.notes,us1_0.payment_gateway,us1_0.payment_ref,us1_0.plan_id,us1_0.started_at,us1_0.status,us1_0.subscription_id,us1_0.updated_at,us1_0.user_id from user_subscriptions us1_0 where us1_0.user_id=? and us1_0.status='ACTIVE' and us1_0.expires_at>?
Hibernate: select bp1_0.id,bp1_0.address,bp1_0.attributes,bp1_0.block_reason,bp1_0.business_name,bp1_0.created_at,bp1_0.documents,bp1_0.form_id,bp1_0.form_version,bp1_0.is_active,bp1_0.is_deleted,bp1_0.is_visible,bp1_0.latitude,bp1_0.longitude,bp1_0.profile_id,bp1_0.profile_type,bp1_0.reject_reason,bp1_0.updated_at,bp1_0.user_id,bp1_0.verification_status,bp1_0.verified_at,bp1_0.verified_by from business_profiles bp1_0 where bp1_0.user_id=? and bp1_0.verification_status=? and bp1_0.is_deleted=false
Hibernate: select u1_0.id,u1_0.app_usage_role,u1_0.created_at,u1_0.first_name,u1_0.last_name,u1_0.mobile_number,u1_0.otp_expiry,u1_0.password,u1_0.preferred_language,u1_0.reset_otp,u1_0.user_id from users u1_0 where u1_0.mobile_number=?
Hibernate: SELECT * FROM stat_tiles WHERE is_active = true ORDER BY display_order ASC
Hibernate: SELECT COUNT(*) FROM listings WHERE is_deleted = false AND status = 'ACTIVE' AND is_active = true
Hibernate: SELECT COUNT(DISTINCT address->>'district') FROM listings WHERE is_deleted = false AND address->>'district' IS NOT NULL
Hibernate: select count(bp1_0.id) from business_profiles bp1_0 where bp1_0.verification_status=? and bp1_0.is_deleted=false
Hibernate: SELECT COUNT(*) FROM listings WHERE is_deleted = false AND created_at >= CURRENT_DATE
Hibernate: select u1_0.id,u1_0.app_usage_role,u1_0.created_at,u1_0.first_name,u1_0.last_name,u1_0.mobile_number,u1_0.otp_expiry,u1_0.password,u1_0.preferred_language,u1_0.reset_otp,u1_0.user_id from users u1_0 where u1_0.mobile_number=?
Hibernate: select u1_0.id,u1_0.app_usage_role,u1_0.created_at,u1_0.first_name,u1_0.last_name,u1_0.mobile_number,u1_0.otp_expiry,u1_0.password,u1_0.preferred_language,u1_0.reset_otp,u1_0.user_id from users u1_0 where u1_0.mobile_number=?
Hibernate: select l1_0.id,l1_0.actual_price,l1_0.address,l1_0.address_id,l1_0.attributes,l1_0.category_id,l1_0.contact_number,l1_0.contact_reveal_count,l1_0.created_at,l1_0.created_by,l1_0.discount_expires_at,l1_0.discount_pct,l1_0.favorite_count,l1_0.flash_deal,l1_0.form_id,l1_0.form_version,l1_0.images,l1_0.is_active,l1_0.is_deleted,l1_0.is_negotiable,l1_0.latitude,l1_0.listing_id,l1_0.listing_type,l1_0.longitude,l1_0.module_id,l1_0.offered_price,l1_0.quantity,l1_0.search_vector,l1_0.show_contact,l1_0.status,l1_0.unit,l1_0.updated_at,l1_0.updated_by,l1_0.user_id,l1_0.user_mobile_number,l1_0.view_count from listings l1_0 where l1_0.listing_id=?
Hibernate: select l1_0.id,l1_0.actual_price,l1_0.address,l1_0.address_id,l1_0.attributes,l1_0.category_id,l1_0.contact_number,l1_0.contact_reveal_count,l1_0.created_at,l1_0.created_by,l1_0.discount_expires_at,l1_0.discount_pct,l1_0.favorite_count,l1_0.flash_deal,l1_0.form_id,l1_0.form_version,l1_0.images,l1_0.is_active,l1_0.is_deleted,l1_0.is_negotiable,l1_0.latitude,l1_0.listing_id,l1_0.listing_type,l1_0.longitude,l1_0.module_id,l1_0.offered_price,l1_0.quantity,l1_0.search_vector,l1_0.show_contact,l1_0.status,l1_0.unit,l1_0.updated_at,l1_0.updated_by,l1_0.user_id,l1_0.user_mobile_number,l1_0.view_count from listings l1_0 where l1_0.listing_id=?
Hibernate: select u1_0.id,u1_0.app_usage_role,u1_0.created_at,u1_0.first_name,u1_0.last_name,u1_0.mobile_number,u1_0.otp_expiry,u1_0.password,u1_0.preferred_language,u1_0.reset_otp,u1_0.user_id from users u1_0 where u1_0.mobile_number=?
Hibernate: select u1_0.id,u1_0.app_usage_role,u1_0.created_at,u1_0.first_name,u1_0.last_name,u1_0.mobile_number,u1_0.otp_expiry,u1_0.password,u1_0.preferred_language,u1_0.reset_otp,u1_0.user_id from users u1_0 where u1_0.mobile_number=?
Hibernate: update listings set actual_price=?,address=?,address_id=?,attributes=?,category_id=?,contact_number=?,contact_reveal_count=?,created_by=?,discount_expires_at=?,discount_pct=?,favorite_count=?,flash_deal=?,form_id=?,form_version=?,images=?,is_active=?,is_deleted=?,is_negotiable=?,latitude=?,listing_id=?,listing_type=?,longitude=?,module_id=?,offered_price=?,quantity=?,show_contact=?,status=?,unit=?,updated_at=?,updated_by=?,user_id=?,user_mobile_number=?,view_count=? where id=?
Hibernate: update listings set actual_price=?,address=?,address_id=?,attributes=?,category_id=?,contact_number=?,contact_reveal_count=?,created_by=?,discount_expires_at=?,discount_pct=?,favorite_count=?,flash_deal=?,form_id=?,form_version=?,images=?,is_active=?,is_deleted=?,is_negotiable=?,latitude=?,listing_id=?,listing_type=?,longitude=?,module_id=?,offered_price=?,quantity=?,show_contact=?,status=?,unit=?,updated_at=?,updated_by=?,user_id=?,user_mobile_number=?,view_count=? where id=?
Hibernate: select u1_0.id,u1_0.app_usage_role,u1_0.created_at,u1_0.first_name,u1_0.last_name,u1_0.mobile_number,u1_0.otp_expiry,u1_0.password,u1_0.preferred_language,u1_0.reset_otp,u1_0.user_id from users u1_0 where u1_0.mobile_number=?
Hibernate: SELECT l.* FROM listings l LEFT JOIN user_subscriptions ss ON ss.user_id = l.user_id AND ss.status = 'ACTIVE' AND ss.expires_at > NOW() LEFT JOIN subscription_plans sp ON sp.id = ss.plan_id WHERE l.is_deleted = false AND l.status = 'ACTIVE' AND l.is_active = true AND l.category_id = ? AND l.listing_id  != ? AND (? IS NULL OR l.user_id != ?) ORDER BY COALESCE(sp.sort_weight, 99) ASC, l.created_at DESC LIMIT ?
Hibernate: select mc1_0.id,mc1_0.action_type,mc1_0.category_key,mc1_0.category_name_en,mc1_0.category_name_hi,mc1_0.created_at,mc1_0.display_order,mc1_0.icon_url,mc1_0.is_active,mc1_0.link_key,mc1_0.module_id,mc1_0.parent_id from module_categories mc1_0 where mc1_0.id=?
Hibernate: select us1_0.id,us1_0.auto_renew,us1_0.created_at,us1_0.expires_at,us1_0.granted_by,us1_0.notes,us1_0.payment_gateway,us1_0.payment_ref,us1_0.plan_id,us1_0.started_at,us1_0.status,us1_0.subscription_id,us1_0.updated_at,us1_0.user_id from user_subscriptions us1_0 where us1_0.user_id=? and us1_0.status='ACTIVE' and us1_0.expires_at>?
Hibernate: select bp1_0.id,bp1_0.address,bp1_0.attributes,bp1_0.block_reason,bp1_0.business_name,bp1_0.created_at,bp1_0.documents,bp1_0.form_id,bp1_0.form_version,bp1_0.is_active,bp1_0.is_deleted,bp1_0.is_visible,bp1_0.latitude,bp1_0.longitude,bp1_0.profile_id,bp1_0.profile_type,bp1_0.reject_reason,bp1_0.updated_at,bp1_0.user_id,bp1_0.verification_status,bp1_0.verified_at,bp1_0.verified_by from business_profiles bp1_0 where bp1_0.user_id=? and bp1_0.verification_status=? and bp1_0.is_deleted=false
Hibernate: select mc1_0.id,mc1_0.action_type,mc1_0.category_key,mc1_0.category_name_en,mc1_0.category_name_hi,mc1_0.created_at,mc1_0.display_order,mc1_0.icon_url,mc1_0.is_active,mc1_0.link_key,mc1_0.module_id,mc1_0.parent_id from module_categories mc1_0 where mc1_0.id=?
Hibernate: select us1_0.id,us1_0.auto_renew,us1_0.created_at,us1_0.expires_at,us1_0.granted_by,us1_0.notes,us1_0.payment_gateway,us1_0.payment_ref,us1_0.plan_id,us1_0.started_at,us1_0.status,us1_0.subscription_id,us1_0.updated_at,us1_0.user_id from user_subscriptions us1_0 where us1_0.user_id=? and us1_0.status='ACTIVE' and us1_0.expires_at>?
Hibernate: select bp1_0.id,bp1_0.address,bp1_0.attributes,bp1_0.block_reason,bp1_0.business_name,bp1_0.created_at,bp1_0.documents,bp1_0.form_id,bp1_0.form_version,bp1_0.is_active,bp1_0.is_deleted,bp1_0.is_visible,bp1_0.latitude,bp1_0.longitude,bp1_0.profile_id,bp1_0.profile_type,bp1_0.reject_reason,bp1_0.updated_at,bp1_0.user_id,bp1_0.verification_status,bp1_0.verified_at,bp1_0.verified_by from business_profiles bp1_0 where bp1_0.user_id=? and bp1_0.verification_status=? and bp1_0.is_deleted=false
Hibernate: select us1_0.id,us1_0.auto_renew,us1_0.created_at,us1_0.expires_at,us1_0.granted_by,us1_0.notes,us1_0.payment_gateway,us1_0.payment_ref,us1_0.plan_id,us1_0.started_at,us1_0.status,us1_0.subscription_id,us1_0.updated_at,us1_0.user_id from user_subscriptions us1_0 where us1_0.user_id=? and us1_0.status='ACTIVE' and us1_0.expires_at>?
Hibernate: select bp1_0.id,bp1_0.address,bp1_0.attributes,bp1_0.block_reason,bp1_0.business_name,bp1_0.created_at,bp1_0.documents,bp1_0.form_id,bp1_0.form_version,bp1_0.is_active,bp1_0.is_deleted,bp1_0.is_visible,bp1_0.latitude,bp1_0.longitude,bp1_0.profile_id,bp1_0.profile_type,bp1_0.reject_reason,bp1_0.updated_at,bp1_0.user_id,bp1_0.verification_status,bp1_0.verified_at,bp1_0.verified_by from business_profiles bp1_0 where bp1_0.user_id=? and bp1_0.verification_status=? and bp1_0.is_deleted=false
Hibernate: select us1_0.id,us1_0.auto_renew,us1_0.created_at,us1_0.expires_at,us1_0.granted_by,us1_0.notes,us1_0.payment_gateway,us1_0.payment_ref,us1_0.plan_id,us1_0.started_at,us1_0.status,us1_0.subscription_id,us1_0.updated_at,us1_0.user_id from user_subscriptions us1_0 where us1_0.user_id=? and us1_0.status='ACTIVE' and us1_0.expires_at>?
Hibernate: select bp1_0.id,bp1_0.address,bp1_0.attributes,bp1_0.block_reason,bp1_0.business_name,bp1_0.created_at,bp1_0.documents,bp1_0.form_id,bp1_0.form_version,bp1_0.is_active,bp1_0.is_deleted,bp1_0.is_visible,bp1_0.latitude,bp1_0.longitude,bp1_0.profile_id,bp1_0.profile_type,bp1_0.reject_reason,bp1_0.updated_at,bp1_0.user_id,bp1_0.verification_status,bp1_0.verified_at,bp1_0.verified_by from business_profiles bp1_0 where bp1_0.user_id=? and bp1_0.verification_status=? and bp1_0.is_deleted=false
Hibernate: select us1_0.id,us1_0.auto_renew,us1_0.created_at,us1_0.expires_at,us1_0.granted_by,us1_0.notes,us1_0.payment_gateway,us1_0.payment_ref,us1_0.plan_id,us1_0.started_at,us1_0.status,us1_0.subscription_id,us1_0.updated_at,us1_0.user_id from user_subscriptions us1_0 where us1_0.user_id=? and us1_0.status='ACTIVE' and us1_0.expires_at>?
Hibernate: select bp1_0.id,bp1_0.address,bp1_0.attributes,bp1_0.block_reason,bp1_0.business_name,bp1_0.created_at,bp1_0.documents,bp1_0.form_id,bp1_0.form_version,bp1_0.is_active,bp1_0.is_deleted,bp1_0.is_visible,bp1_0.latitude,bp1_0.longitude,bp1_0.profile_id,bp1_0.profile_type,bp1_0.reject_reason,bp1_0.updated_at,bp1_0.user_id,bp1_0.verification_status,bp1_0.verified_at,bp1_0.verified_by from business_profiles bp1_0 where bp1_0.user_id=? and bp1_0.verification_status=? and bp1_0.is_deleted=false
Hibernate: select us1_0.id,us1_0.auto_renew,us1_0.created_at,us1_0.expires_at,us1_0.granted_by,us1_0.notes,us1_0.payment_gateway,us1_0.payment_ref,us1_0.plan_id,us1_0.started_at,us1_0.status,us1_0.subscription_id,us1_0.updated_at,us1_0.user_id from user_subscriptions us1_0 where us1_0.user_id=? and us1_0.status='ACTIVE' and us1_0.expires_at>?
Hibernate: select bp1_0.id,bp1_0.address,bp1_0.attributes,bp1_0.block_reason,bp1_0.business_name,bp1_0.created_at,bp1_0.documents,bp1_0.form_id,bp1_0.form_version,bp1_0.is_active,bp1_0.is_deleted,bp1_0.is_visible,bp1_0.latitude,bp1_0.longitude,bp1_0.profile_id,bp1_0.profile_type,bp1_0.reject_reason,bp1_0.updated_at,bp1_0.user_id,bp1_0.verification_status,bp1_0.verified_at,bp1_0.verified_by from business_profiles bp1_0 where bp1_0.user_id=? and bp1_0.verification_status=? and bp1_0.is_deleted=false
Hibernate: select u1_0.id,u1_0.app_usage_role,u1_0.created_at,u1_0.first_name,u1_0.last_name,u1_0.mobile_number,u1_0.otp_expiry,u1_0.password,u1_0.preferred_language,u1_0.reset_otp,u1_0.user_id from users u1_0 where u1_0.mobile_number=?
Hibernate: select dg1_0.id,dg1_0.accent_color,dg1_0.backend_ui,dg1_0.background_image_url,dg1_0.badge_en,dg1_0.badge_hi,dg1_0.category_keys,dg1_0.created_at,dg1_0.cta_type,dg1_0.cta_value,dg1_0.display_order,dg1_0.group_key,dg1_0.icon,dg1_0.is_active,dg1_0.label_en,dg1_0.label_hi,dg1_0.listing_type,dg1_0.unit_en,dg1_0.unit_hi,dg1_0.updated_at,dg1_0.updated_by from deal_groups dg1_0 where dg1_0.group_key=?
Hibernate: select mc1_0.id,mc1_0.action_type,mc1_0.category_key,mc1_0.category_name_en,mc1_0.category_name_hi,mc1_0.created_at,mc1_0.display_order,mc1_0.icon_url,mc1_0.is_active,mc1_0.link_key,mc1_0.module_id,mc1_0.parent_id from module_categories mc1_0 where mc1_0.category_key=?
Hibernate: SELECT l.* FROM listings l WHERE l.is_deleted = false AND l.status = 'ACTIVE' AND l.is_active = true AND l.created_at >= CURRENT_DATE AND l.category_id IN (?) AND (? IS NULL OR l.listing_type = ?) AND (CAST(? AS float8) IS NULL OR (       l.latitude  BETWEEN CAST(? AS float8) AND CAST(? AS float8)   AND l.longitude BETWEEN CAST(? AS float8) AND CAST(? AS float8))) ORDER BY l.offered_price ASC, l.created_at DESC fetch first ? rows only
Hibernate: select u1_0.id,u1_0.app_usage_role,u1_0.created_at,u1_0.first_name,u1_0.last_name,u1_0.mobile_number,u1_0.otp_expiry,u1_0.password,u1_0.preferred_language,u1_0.reset_otp,u1_0.user_id from users u1_0 where u1_0.mobile_number=?
Hibernate: select u1_0.id,u1_0.app_usage_role,u1_0.created_at,u1_0.first_name,u1_0.last_name,u1_0.mobile_number,u1_0.otp_expiry,u1_0.password,u1_0.preferred_language,u1_0.reset_otp,u1_0.user_id from users u1_0 where u1_0.mobile_number=?
Hibernate: select dg1_0.id,dg1_0.accent_color,dg1_0.backend_ui,dg1_0.background_image_url,dg1_0.badge_en,dg1_0.badge_hi,dg1_0.category_keys,dg1_0.created_at,dg1_0.cta_type,dg1_0.cta_value,dg1_0.display_order,dg1_0.group_key,dg1_0.icon,dg1_0.is_active,dg1_0.label_en,dg1_0.label_hi,dg1_0.listing_type,dg1_0.unit_en,dg1_0.unit_hi,dg1_0.updated_at,dg1_0.updated_by from deal_groups dg1_0 where dg1_0.is_active=true order by dg1_0.display_order
Hibernate: select mc1_0.id,mc1_0.action_type,mc1_0.category_key,mc1_0.category_name_en,mc1_0.category_name_hi,mc1_0.created_at,mc1_0.display_order,mc1_0.icon_url,mc1_0.is_active,mc1_0.link_key,mc1_0.module_id,mc1_0.parent_id from module_categories mc1_0 where mc1_0.category_key=?
Hibernate: SELECT COUNT(*) FROM listings WHERE is_deleted = false AND status = 'ACTIVE' AND is_active = true AND created_at >= CURRENT_DATE AND category_id IN (?) AND (? IS NULL OR listing_type = ?)
Hibernate: select dg1_0.id,dg1_0.accent_color,dg1_0.backend_ui,dg1_0.background_image_url,dg1_0.badge_en,dg1_0.badge_hi,dg1_0.category_keys,dg1_0.created_at,dg1_0.cta_type,dg1_0.cta_value,dg1_0.display_order,dg1_0.group_key,dg1_0.icon,dg1_0.is_active,dg1_0.label_en,dg1_0.label_hi,dg1_0.listing_type,dg1_0.unit_en,dg1_0.unit_hi,dg1_0.updated_at,dg1_0.updated_by from deal_groups dg1_0 where dg1_0.group_key=?
Hibernate: SELECT MIN(offered_price) FROM listings WHERE is_deleted = false AND status = 'ACTIVE' AND is_active = true AND created_at >= CURRENT_DATE AND category_id IN (?) AND (? IS NULL OR listing_type = ?)
Hibernate: select mc1_0.id,mc1_0.action_type,mc1_0.category_key,mc1_0.category_name_en,mc1_0.category_name_hi,mc1_0.created_at,mc1_0.display_order,mc1_0.icon_url,mc1_0.is_active,mc1_0.link_key,mc1_0.module_id,mc1_0.parent_id from module_categories mc1_0 where mc1_0.category_key=?
Hibernate: select mc1_0.id,mc1_0.action_type,mc1_0.category_key,mc1_0.category_name_en,mc1_0.category_name_hi,mc1_0.created_at,mc1_0.display_order,mc1_0.icon_url,mc1_0.is_active,mc1_0.link_key,mc1_0.module_id,mc1_0.parent_id from module_categories mc1_0 where mc1_0.category_key=?
Hibernate: SELECT l.* FROM listings l WHERE l.is_deleted = false AND l.status = 'ACTIVE' AND l.is_active = true AND l.created_at >= CURRENT_DATE AND l.category_id IN (?) AND (? IS NULL OR l.listing_type = ?) AND (CAST(? AS float8) IS NULL OR (       l.latitude  BETWEEN CAST(? AS float8) AND CAST(? AS float8)   AND l.longitude BETWEEN CAST(? AS float8) AND CAST(? AS float8))) ORDER BY l.offered_price ASC, l.created_at DESC fetch first ? rows only
Hibernate: SELECT COUNT(*) FROM listings WHERE is_deleted = false AND status = 'ACTIVE' AND is_active = true AND created_at >= CURRENT_DATE AND category_id IN (?) AND (? IS NULL OR listing_type = ?)
Hibernate: select mc1_0.id,mc1_0.action_type,mc1_0.category_key,mc1_0.category_name_en,mc1_0.category_name_hi,mc1_0.created_at,mc1_0.display_order,mc1_0.icon_url,mc1_0.is_active,mc1_0.link_key,mc1_0.module_id,mc1_0.parent_id from module_categories mc1_0 where mc1_0.category_key=?
Hibernate: SELECT COUNT(*) FROM listings WHERE is_deleted = false AND status = 'ACTIVE' AND is_active = true AND created_at >= CURRENT_DATE AND category_id IN (?) AND (? IS NULL OR listing_type = ?)
Hibernate: select mc1_0.id,mc1_0.action_type,mc1_0.category_key,mc1_0.category_name_en,mc1_0.category_name_hi,mc1_0.created_at,mc1_0.display_order,mc1_0.icon_url,mc1_0.is_active,mc1_0.link_key,mc1_0.module_id,mc1_0.parent_id from module_categories mc1_0 where mc1_0.category_key=?
Hibernate: select mc1_0.id,mc1_0.action_type,mc1_0.category_key,mc1_0.category_name_en,mc1_0.category_name_hi,mc1_0.created_at,mc1_0.display_order,mc1_0.icon_url,mc1_0.is_active,mc1_0.link_key,mc1_0.module_id,mc1_0.parent_id from module_categories mc1_0 where mc1_0.category_key=?
Hibernate: SELECT COUNT(*) FROM listings WHERE is_deleted = false AND status = 'ACTIVE' AND is_active = true AND created_at >= CURRENT_DATE AND category_id IN (?,?) AND (? IS NULL OR listing_type = ?)
Hibernate: SELECT MIN(offered_price) FROM listings WHERE is_deleted = false AND status = 'ACTIVE' AND is_active = true AND created_at >= CURRENT_DATE AND category_id IN (?,?) AND (? IS NULL OR listing_type = ?)
Hibernate: select u1_0.id,u1_0.app_usage_role,u1_0.created_at,u1_0.first_name,u1_0.last_name,u1_0.mobile_number,u1_0.otp_expiry,u1_0.password,u1_0.preferred_language,u1_0.reset_otp,u1_0.user_id from users u1_0 where u1_0.mobile_number=?
Hibernate: select u1_0.id,u1_0.app_usage_role,u1_0.created_at,u1_0.first_name,u1_0.last_name,u1_0.mobile_number,u1_0.otp_expiry,u1_0.password,u1_0.preferred_language,u1_0.reset_otp,u1_0.user_id from users u1_0 where u1_0.mobile_number=?
Hibernate: select dg1_0.id,dg1_0.accent_color,dg1_0.backend_ui,dg1_0.background_image_url,dg1_0.badge_en,dg1_0.badge_hi,dg1_0.category_keys,dg1_0.created_at,dg1_0.cta_type,dg1_0.cta_value,dg1_0.display_order,dg1_0.group_key,dg1_0.icon,dg1_0.is_active,dg1_0.label_en,dg1_0.label_hi,dg1_0.listing_type,dg1_0.unit_en,dg1_0.unit_hi,dg1_0.updated_at,dg1_0.updated_by from deal_groups dg1_0 where dg1_0.is_active=true order by dg1_0.display_order
Hibernate: select mc1_0.id,mc1_0.action_type,mc1_0.category_key,mc1_0.category_name_en,mc1_0.category_name_hi,mc1_0.created_at,mc1_0.display_order,mc1_0.icon_url,mc1_0.is_active,mc1_0.link_key,mc1_0.module_id,mc1_0.parent_id from module_categories mc1_0 where mc1_0.category_key=?
Hibernate: select dg1_0.id,dg1_0.accent_color,dg1_0.backend_ui,dg1_0.background_image_url,dg1_0.badge_en,dg1_0.badge_hi,dg1_0.category_keys,dg1_0.created_at,dg1_0.cta_type,dg1_0.cta_value,dg1_0.display_order,dg1_0.group_key,dg1_0.icon,dg1_0.is_active,dg1_0.label_en,dg1_0.label_hi,dg1_0.listing_type,dg1_0.unit_en,dg1_0.unit_hi,dg1_0.updated_at,dg1_0.updated_by from deal_groups dg1_0 where dg1_0.group_key=?
Hibernate: SELECT COUNT(*) FROM listings WHERE is_deleted = false AND status = 'ACTIVE' AND is_active = true AND created_at >= CURRENT_DATE AND category_id IN (?) AND (? IS NULL OR listing_type = ?)
Hibernate: SELECT MIN(offered_price) FROM listings WHERE is_deleted = false AND status = 'ACTIVE' AND is_active = true AND created_at >= CURRENT_DATE AND category_id IN (?) AND (? IS NULL OR listing_type = ?)
Hibernate: select mc1_0.id,mc1_0.action_type,mc1_0.category_key,mc1_0.category_name_en,mc1_0.category_name_hi,mc1_0.created_at,mc1_0.display_order,mc1_0.icon_url,mc1_0.is_active,mc1_0.link_key,mc1_0.module_id,mc1_0.parent_id from module_categories mc1_0 where mc1_0.category_key=?
Hibernate: select mc1_0.id,mc1_0.action_type,mc1_0.category_key,mc1_0.category_name_en,mc1_0.category_name_hi,mc1_0.created_at,mc1_0.display_order,mc1_0.icon_url,mc1_0.is_active,mc1_0.link_key,mc1_0.module_id,mc1_0.parent_id from module_categories mc1_0 where mc1_0.category_key=?
Hibernate: SELECT l.* FROM listings l WHERE l.is_deleted = false AND l.status = 'ACTIVE' AND l.is_active = true AND l.created_at >= CURRENT_DATE AND l.category_id IN (?) AND (? IS NULL OR l.listing_type = ?) AND (CAST(? AS float8) IS NULL OR (       l.latitude  BETWEEN CAST(? AS float8) AND CAST(? AS float8)   AND l.longitude BETWEEN CAST(? AS float8) AND CAST(? AS float8))) ORDER BY l.offered_price ASC, l.created_at DESC fetch first ? rows only
Hibernate: SELECT COUNT(*) FROM listings WHERE is_deleted = false AND status = 'ACTIVE' AND is_active = true AND created_at >= CURRENT_DATE AND category_id IN (?) AND (? IS NULL OR listing_type = ?)
Hibernate: select mc1_0.id,mc1_0.action_type,mc1_0.category_key,mc1_0.category_name_en,mc1_0.category_name_hi,mc1_0.created_at,mc1_0.display_order,mc1_0.icon_url,mc1_0.is_active,mc1_0.link_key,mc1_0.module_id,mc1_0.parent_id from module_categories mc1_0 where mc1_0.category_key=?
Hibernate: SELECT COUNT(*) FROM listings WHERE is_deleted = false AND status = 'ACTIVE' AND is_active = true AND created_at >= CURRENT_DATE AND category_id IN (?) AND (? IS NULL OR listing_type = ?)
Hibernate: select mc1_0.id,mc1_0.action_type,mc1_0.category_key,mc1_0.category_name_en,mc1_0.category_name_hi,mc1_0.created_at,mc1_0.display_order,mc1_0.icon_url,mc1_0.is_active,mc1_0.link_key,mc1_0.module_id,mc1_0.parent_id from module_categories mc1_0 where mc1_0.category_key=?
Hibernate: select mc1_0.id,mc1_0.action_type,mc1_0.category_key,mc1_0.category_name_en,mc1_0.category_name_hi,mc1_0.created_at,mc1_0.display_order,mc1_0.icon_url,mc1_0.is_active,mc1_0.link_key,mc1_0.module_id,mc1_0.parent_id from module_categories mc1_0 where mc1_0.category_key=?
Hibernate: SELECT COUNT(*) FROM listings WHERE is_deleted = false AND status = 'ACTIVE' AND is_active = true AND created_at >= CURRENT_DATE AND category_id IN (?,?) AND (? IS NULL OR listing_type = ?)
Hibernate: SELECT MIN(offered_price) FROM listings WHERE is_deleted = false AND status = 'ACTIVE' AND is_active = true AND created_at >= CURRENT_DATE AND category_id IN (?,?) AND (? IS NULL OR listing_type = ?)
Hibernate: select u1_0.id,u1_0.app_usage_role,u1_0.created_at,u1_0.first_name,u1_0.last_name,u1_0.mobile_number,u1_0.otp_expiry,u1_0.password,u1_0.preferred_language,u1_0.reset_otp,u1_0.user_id from users u1_0 where u1_0.mobile_number=?
Hibernate: SELECT * FROM stat_tiles WHERE is_active = true ORDER BY display_order ASC
Hibernate: SELECT COUNT(*) FROM listings WHERE is_deleted = false AND status = 'ACTIVE' AND is_active = true
Hibernate: SELECT COUNT(DISTINCT address->>'district') FROM listings WHERE is_deleted = false AND address->>'district' IS NOT NULL
Hibernate: select count(bp1_0.id) from business_profiles bp1_0 where bp1_0.verification_status=? and bp1_0.is_deleted=false
Hibernate: SELECT COUNT(*) FROM listings WHERE is_deleted = false AND created_at >= CURRENT_DATE
Hibernate: select u1_0.id,u1_0.app_usage_role,u1_0.created_at,u1_0.first_name,u1_0.last_name,u1_0.mobile_number,u1_0.otp_expiry,u1_0.password,u1_0.preferred_language,u1_0.reset_otp,u1_0.user_id from users u1_0 where u1_0.mobile_number=?
Hibernate: select dg1_0.id,dg1_0.accent_color,dg1_0.backend_ui,dg1_0.background_image_url,dg1_0.badge_en,dg1_0.badge_hi,dg1_0.category_keys,dg1_0.created_at,dg1_0.cta_type,dg1_0.cta_value,dg1_0.display_order,dg1_0.group_key,dg1_0.icon,dg1_0.is_active,dg1_0.label_en,dg1_0.label_hi,dg1_0.listing_type,dg1_0.unit_en,dg1_0.unit_hi,dg1_0.updated_at,dg1_0.updated_by from deal_groups dg1_0 where dg1_0.group_key=?
Hibernate: select mc1_0.id,mc1_0.action_type,mc1_0.category_key,mc1_0.category_name_en,mc1_0.category_name_hi,mc1_0.created_at,mc1_0.display_order,mc1_0.icon_url,mc1_0.is_active,mc1_0.link_key,mc1_0.module_id,mc1_0.parent_id from module_categories mc1_0 where mc1_0.category_key=?
Hibernate: SELECT l.* FROM listings l WHERE l.is_deleted = false AND l.status = 'ACTIVE' AND l.is_active = true AND l.created_at >= CURRENT_DATE AND l.category_id IN (?) AND (? IS NULL OR l.listing_type = ?) AND (CAST(? AS float8) IS NULL OR (       l.latitude  BETWEEN CAST(? AS float8) AND CAST(? AS float8)   AND l.longitude BETWEEN CAST(? AS float8) AND CAST(? AS float8))) ORDER BY l.offered_price ASC, l.created_at DESC fetch first ? rows only
Hibernate: select u1_0.id,u1_0.app_usage_role,u1_0.created_at,u1_0.first_name,u1_0.last_name,u1_0.mobile_number,u1_0.otp_expiry,u1_0.password,u1_0.preferred_language,u1_0.reset_otp,u1_0.user_id from users u1_0 where u1_0.mobile_number=?
Hibernate: SELECT * FROM stat_tiles WHERE is_active = true ORDER BY display_order ASC
Hibernate: SELECT COUNT(*) FROM listings WHERE is_deleted = false AND status = 'ACTIVE' AND is_active = true
Hibernate: SELECT COUNT(DISTINCT address->>'district') FROM listings WHERE is_deleted = false AND address->>'district' IS NOT NULL
Hibernate: select count(bp1_0.id) from business_profiles bp1_0 where bp1_0.verification_status=? and bp1_0.is_deleted=false
Hibernate: SELECT COUNT(*) FROM listings WHERE is_deleted = false AND created_at >= CURRENT_DATE
Hibernate: select u1_0.id,u1_0.app_usage_role,u1_0.created_at,u1_0.first_name,u1_0.last_name,u1_0.mobile_number,u1_0.otp_expiry,u1_0.password,u1_0.preferred_language,u1_0.reset_otp,u1_0.user_id from users u1_0 where u1_0.mobile_number=?
Hibernate: select u1_0.id,u1_0.app_usage_role,u1_0.created_at,u1_0.first_name,u1_0.last_name,u1_0.mobile_number,u1_0.otp_expiry,u1_0.password,u1_0.preferred_language,u1_0.reset_otp,u1_0.user_id from users u1_0 where u1_0.mobile_number=?
Hibernate: select dg1_0.id,dg1_0.accent_color,dg1_0.backend_ui,dg1_0.background_image_url,dg1_0.badge_en,dg1_0.badge_hi,dg1_0.category_keys,dg1_0.created_at,dg1_0.cta_type,dg1_0.cta_value,dg1_0.display_order,dg1_0.group_key,dg1_0.icon,dg1_0.is_active,dg1_0.label_en,dg1_0.label_hi,dg1_0.listing_type,dg1_0.unit_en,dg1_0.unit_hi,dg1_0.updated_at,dg1_0.updated_by from deal_groups dg1_0 where dg1_0.is_active=true order by dg1_0.display_order
Hibernate: select mc1_0.id,mc1_0.action_type,mc1_0.category_key,mc1_0.category_name_en,mc1_0.category_name_hi,mc1_0.created_at,mc1_0.display_order,mc1_0.icon_url,mc1_0.is_active,mc1_0.link_key,mc1_0.module_id,mc1_0.parent_id from module_categories mc1_0 where mc1_0.category_key=?
Hibernate: SELECT COUNT(*) FROM listings WHERE is_deleted = false AND status = 'ACTIVE' AND is_active = true AND created_at >= CURRENT_DATE AND category_id IN (?) AND (? IS NULL OR listing_type = ?)
Hibernate: SELECT MIN(offered_price) FROM listings WHERE is_deleted = false AND status = 'ACTIVE' AND is_active = true AND created_at >= CURRENT_DATE AND category_id IN (?) AND (? IS NULL OR listing_type = ?)
Hibernate: select dg1_0.id,dg1_0.accent_color,dg1_0.backend_ui,dg1_0.background_image_url,dg1_0.badge_en,dg1_0.badge_hi,dg1_0.category_keys,dg1_0.created_at,dg1_0.cta_type,dg1_0.cta_value,dg1_0.display_order,dg1_0.group_key,dg1_0.icon,dg1_0.is_active,dg1_0.label_en,dg1_0.label_hi,dg1_0.listing_type,dg1_0.unit_en,dg1_0.unit_hi,dg1_0.updated_at,dg1_0.updated_by from deal_groups dg1_0 where dg1_0.group_key=?
Hibernate: select mc1_0.id,mc1_0.action_type,mc1_0.category_key,mc1_0.category_name_en,mc1_0.category_name_hi,mc1_0.created_at,mc1_0.display_order,mc1_0.icon_url,mc1_0.is_active,mc1_0.link_key,mc1_0.module_id,mc1_0.parent_id from module_categories mc1_0 where mc1_0.category_key=?
Hibernate: SELECT COUNT(*) FROM listings WHERE is_deleted = false AND status = 'ACTIVE' AND is_active = true AND created_at >= CURRENT_DATE AND category_id IN (?) AND (? IS NULL OR listing_type = ?)
Hibernate: select mc1_0.id,mc1_0.action_type,mc1_0.category_key,mc1_0.category_name_en,mc1_0.category_name_hi,mc1_0.created_at,mc1_0.display_order,mc1_0.icon_url,mc1_0.is_active,mc1_0.link_key,mc1_0.module_id,mc1_0.parent_id from module_categories mc1_0 where mc1_0.category_key=?
Hibernate: SELECT COUNT(*) FROM listings WHERE is_deleted = false AND status = 'ACTIVE' AND is_active = true AND created_at >= CURRENT_DATE AND category_id IN (?) AND (? IS NULL OR listing_type = ?)
Hibernate: select mc1_0.id,mc1_0.action_type,mc1_0.category_key,mc1_0.category_name_en,mc1_0.category_name_hi,mc1_0.created_at,mc1_0.display_order,mc1_0.icon_url,mc1_0.is_active,mc1_0.link_key,mc1_0.module_id,mc1_0.parent_id from module_categories mc1_0 where mc1_0.category_key=?
Hibernate: select mc1_0.id,mc1_0.action_type,mc1_0.category_key,mc1_0.category_name_en,mc1_0.category_name_hi,mc1_0.created_at,mc1_0.display_order,mc1_0.icon_url,mc1_0.is_active,mc1_0.link_key,mc1_0.module_id,mc1_0.parent_id from module_categories mc1_0 where mc1_0.category_key=?
Hibernate: select mc1_0.id,mc1_0.action_type,mc1_0.category_key,mc1_0.category_name_en,mc1_0.category_name_hi,mc1_0.created_at,mc1_0.display_order,mc1_0.icon_url,mc1_0.is_active,mc1_0.link_key,mc1_0.module_id,mc1_0.parent_id from module_categories mc1_0 where mc1_0.category_key=?
Hibernate: SELECT COUNT(*) FROM listings WHERE is_deleted = false AND status = 'ACTIVE' AND is_active = true AND created_at >= CURRENT_DATE AND category_id IN (?,?) AND (? IS NULL OR listing_type = ?)
Hibernate: SELECT MIN(offered_price) FROM listings WHERE is_deleted = false AND status = 'ACTIVE' AND is_active = true AND created_at >= CURRENT_DATE AND category_id IN (?,?) AND (? IS NULL OR listing_type = ?)
Hibernate: SELECT l.* FROM listings l WHERE l.is_deleted = false AND l.status = 'ACTIVE' AND l.is_active = true AND l.created_at >= CURRENT_DATE AND l.category_id IN (?) AND (? IS NULL OR l.listing_type = ?) AND (CAST(? AS float8) IS NULL OR (       l.latitude  BETWEEN CAST(? AS float8) AND CAST(? AS float8)   AND l.longitude BETWEEN CAST(? AS float8) AND CAST(? AS float8))) ORDER BY l.offered_price ASC, l.created_at DESC fetch first ? rows only
Hibernate: select us1_0.id,us1_0.auto_renew,us1_0.created_at,us1_0.expires_at,us1_0.granted_by,us1_0.notes,us1_0.payment_gateway,us1_0.payment_ref,us1_0.plan_id,us1_0.started_at,us1_0.status,us1_0.subscription_id,us1_0.updated_at,us1_0.user_id from user_subscriptions us1_0 where us1_0.user_id=? and us1_0.status='ACTIVE' and us1_0.expires_at>?
Hibernate: select bp1_0.id,bp1_0.address,bp1_0.attributes,bp1_0.block_reason,bp1_0.business_name,bp1_0.created_at,bp1_0.documents,bp1_0.form_id,bp1_0.form_version,bp1_0.is_active,bp1_0.is_deleted,bp1_0.is_visible,bp1_0.latitude,bp1_0.longitude,bp1_0.profile_id,bp1_0.profile_type,bp1_0.reject_reason,bp1_0.updated_at,bp1_0.user_id,bp1_0.verification_status,bp1_0.verified_at,bp1_0.verified_by from business_profiles bp1_0 where bp1_0.user_id=? and bp1_0.verification_status=? and bp1_0.is_deleted=false
Hibernate: select u1_0.id,u1_0.app_usage_role,u1_0.created_at,u1_0.first_name,u1_0.last_name,u1_0.mobile_number,u1_0.otp_expiry,u1_0.password,u1_0.preferred_language,u1_0.reset_otp,u1_0.user_id from users u1_0 where u1_0.mobile_number=?
Hibernate: SELECT * FROM stat_tiles WHERE is_active = true ORDER BY display_order ASC
Hibernate: SELECT COUNT(*) FROM listings WHERE is_deleted = false AND status = 'ACTIVE' AND is_active = true
Hibernate: SELECT COUNT(DISTINCT address->>'district') FROM listings WHERE is_deleted = false AND address->>'district' IS NOT NULL
Hibernate: select count(bp1_0.id) from business_profiles bp1_0 where bp1_0.verification_status=? and bp1_0.is_deleted=false
Hibernate: SELECT COUNT(*) FROM listings WHERE is_deleted = false AND created_at >= CURRENT_DATE
Hibernate: select u1_0.id,u1_0.app_usage_role,u1_0.created_at,u1_0.first_name,u1_0.last_name,u1_0.mobile_number,u1_0.otp_expiry,u1_0.password,u1_0.preferred_language,u1_0.reset_otp,u1_0.user_id from users u1_0 where u1_0.mobile_number=?
Hibernate: select dg1_0.id,dg1_0.accent_color,dg1_0.backend_ui,dg1_0.background_image_url,dg1_0.badge_en,dg1_0.badge_hi,dg1_0.category_keys,dg1_0.created_at,dg1_0.cta_type,dg1_0.cta_value,dg1_0.display_order,dg1_0.group_key,dg1_0.icon,dg1_0.is_active,dg1_0.label_en,dg1_0.label_hi,dg1_0.listing_type,dg1_0.unit_en,dg1_0.unit_hi,dg1_0.updated_at,dg1_0.updated_by from deal_groups dg1_0 where dg1_0.group_key=?
Hibernate: select mc1_0.id,mc1_0.action_type,mc1_0.category_key,mc1_0.category_name_en,mc1_0.category_name_hi,mc1_0.created_at,mc1_0.display_order,mc1_0.icon_url,mc1_0.is_active,mc1_0.link_key,mc1_0.module_id,mc1_0.parent_id from module_categories mc1_0 where mc1_0.category_key=?
Hibernate: SELECT l.* FROM listings l WHERE l.is_deleted = false AND l.status = 'ACTIVE' AND l.is_active = true AND l.created_at >= CURRENT_DATE AND l.category_id IN (?) AND (? IS NULL OR l.listing_type = ?) AND (CAST(? AS float8) IS NULL OR (       l.latitude  BETWEEN CAST(? AS float8) AND CAST(? AS float8)   AND l.longitude BETWEEN CAST(? AS float8) AND CAST(? AS float8))) ORDER BY l.offered_price ASC, l.created_at DESC fetch first ? rows only
Hibernate: select us1_0.id,us1_0.auto_renew,us1_0.created_at,us1_0.expires_at,us1_0.granted_by,us1_0.notes,us1_0.payment_gateway,us1_0.payment_ref,us1_0.plan_id,us1_0.started_at,us1_0.status,us1_0.subscription_id,us1_0.updated_at,us1_0.user_id from user_subscriptions us1_0 where us1_0.user_id=? and us1_0.status='ACTIVE' and us1_0.expires_at>?
Hibernate: select bp1_0.id,bp1_0.address,bp1_0.attributes,bp1_0.block_reason,bp1_0.business_name,bp1_0.created_at,bp1_0.documents,bp1_0.form_id,bp1_0.form_version,bp1_0.is_active,bp1_0.is_deleted,bp1_0.is_visible,bp1_0.latitude,bp1_0.longitude,bp1_0.profile_id,bp1_0.profile_type,bp1_0.reject_reason,bp1_0.updated_at,bp1_0.user_id,bp1_0.verification_status,bp1_0.verified_at,bp1_0.verified_by from business_profiles bp1_0 where bp1_0.user_id=? and bp1_0.verification_status=? and bp1_0.is_deleted=false
Hibernate: select u1_0.id,u1_0.app_usage_role,u1_0.created_at,u1_0.first_name,u1_0.last_name,u1_0.mobile_number,u1_0.otp_expiry,u1_0.password,u1_0.preferred_language,u1_0.reset_otp,u1_0.user_id from users u1_0 where u1_0.mobile_number=?
Hibernate: SELECT * FROM stat_tiles WHERE is_active = true ORDER BY display_order ASC
Hibernate: SELECT COUNT(*) FROM listings WHERE is_deleted = false AND status = 'ACTIVE' AND is_active = true
Hibernate: SELECT COUNT(DISTINCT address->>'district') FROM listings WHERE is_deleted = false AND address->>'district' IS NOT NULL
Hibernate: select count(bp1_0.id) from business_profiles bp1_0 where bp1_0.verification_status=? and bp1_0.is_deleted=false
Hibernate: SELECT COUNT(*) FROM listings WHERE is_deleted = false AND created_at >= CURRENT_DATE
Hibernate: select u1_0.id,u1_0.app_usage_role,u1_0.created_at,u1_0.first_name,u1_0.last_name,u1_0.mobile_number,u1_0.otp_expiry,u1_0.password,u1_0.preferred_language,u1_0.reset_otp,u1_0.user_id from users u1_0 where u1_0.mobile_number=?
Hibernate: select dg1_0.id,dg1_0.accent_color,dg1_0.backend_ui,dg1_0.background_image_url,dg1_0.badge_en,dg1_0.badge_hi,dg1_0.category_keys,dg1_0.created_at,dg1_0.cta_type,dg1_0.cta_value,dg1_0.display_order,dg1_0.group_key,dg1_0.icon,dg1_0.is_active,dg1_0.label_en,dg1_0.label_hi,dg1_0.listing_type,dg1_0.unit_en,dg1_0.unit_hi,dg1_0.updated_at,dg1_0.updated_by from deal_groups dg1_0 where dg1_0.group_key=?
Hibernate: select mc1_0.id,mc1_0.action_type,mc1_0.category_key,mc1_0.category_name_en,mc1_0.category_name_hi,mc1_0.created_at,mc1_0.display_order,mc1_0.icon_url,mc1_0.is_active,mc1_0.link_key,mc1_0.module_id,mc1_0.parent_id from module_categories mc1_0 where mc1_0.category_key=?
Hibernate: select mc1_0.id,mc1_0.action_type,mc1_0.category_key,mc1_0.category_name_en,mc1_0.category_name_hi,mc1_0.created_at,mc1_0.display_order,mc1_0.icon_url,mc1_0.is_active,mc1_0.link_key,mc1_0.module_id,mc1_0.parent_id from module_categories mc1_0 where mc1_0.category_key=?
Hibernate: SELECT l.* FROM listings l WHERE l.is_deleted = false AND l.status = 'ACTIVE' AND l.is_active = true AND l.created_at >= CURRENT_DATE AND l.category_id IN (?,?) AND (? IS NULL OR l.listing_type = ?) AND (CAST(? AS float8) IS NULL OR (       l.latitude  BETWEEN CAST(? AS float8) AND CAST(? AS float8)   AND l.longitude BETWEEN CAST(? AS float8) AND CAST(? AS float8))) ORDER BY l.offered_price ASC, l.created_at DESC fetch first ? rows only
Hibernate: select us1_0.id,us1_0.auto_renew,us1_0.created_at,us1_0.expires_at,us1_0.granted_by,us1_0.notes,us1_0.payment_gateway,us1_0.payment_ref,us1_0.plan_id,us1_0.started_at,us1_0.status,us1_0.subscription_id,us1_0.updated_at,us1_0.user_id from user_subscriptions us1_0 where us1_0.user_id=? and us1_0.status='ACTIVE' and us1_0.expires_at>?
Hibernate: select bp1_0.id,bp1_0.address,bp1_0.attributes,bp1_0.block_reason,bp1_0.business_name,bp1_0.created_at,bp1_0.documents,bp1_0.form_id,bp1_0.form_version,bp1_0.is_active,bp1_0.is_deleted,bp1_0.is_visible,bp1_0.latitude,bp1_0.longitude,bp1_0.profile_id,bp1_0.profile_type,bp1_0.reject_reason,bp1_0.updated_at,bp1_0.user_id,bp1_0.verification_status,bp1_0.verified_at,bp1_0.verified_by from business_profiles bp1_0 where bp1_0.user_id=? and bp1_0.verification_status=? and bp1_0.is_deleted=false
Hibernate: select u1_0.id,u1_0.app_usage_role,u1_0.created_at,u1_0.first_name,u1_0.last_name,u1_0.mobile_number,u1_0.otp_expiry,u1_0.password,u1_0.preferred_language,u1_0.reset_otp,u1_0.user_id from users u1_0 where u1_0.mobile_number=?
Hibernate: SELECT * FROM stat_tiles WHERE is_active = true ORDER BY display_order ASC
Hibernate: SELECT COUNT(*) FROM listings WHERE is_deleted = false AND status = 'ACTIVE' AND is_active = true
Hibernate: SELECT COUNT(DISTINCT address->>'district') FROM listings WHERE is_deleted = false AND address->>'district' IS NOT NULL
Hibernate: select count(bp1_0.id) from business_profiles bp1_0 where bp1_0.verification_status=? and bp1_0.is_deleted=false
Hibernate: SELECT COUNT(*) FROM listings WHERE is_deleted = false AND created_at >= CURRENT_DATE
Hibernate: select u1_0.id,u1_0.app_usage_role,u1_0.created_at,u1_0.first_name,u1_0.last_name,u1_0.mobile_number,u1_0.otp_expiry,u1_0.password,u1_0.preferred_language,u1_0.reset_otp,u1_0.user_id from users u1_0 where u1_0.mobile_number=?
Hibernate: select dg1_0.id,dg1_0.accent_color,dg1_0.backend_ui,dg1_0.background_image_url,dg1_0.badge_en,dg1_0.badge_hi,dg1_0.category_keys,dg1_0.created_at,dg1_0.cta_type,dg1_0.cta_value,dg1_0.display_order,dg1_0.group_key,dg1_0.icon,dg1_0.is_active,dg1_0.label_en,dg1_0.label_hi,dg1_0.listing_type,dg1_0.unit_en,dg1_0.unit_hi,dg1_0.updated_at,dg1_0.updated_by from deal_groups dg1_0 where dg1_0.group_key=?
Hibernate: select mc1_0.id,mc1_0.action_type,mc1_0.category_key,mc1_0.category_name_en,mc1_0.category_name_hi,mc1_0.created_at,mc1_0.display_order,mc1_0.icon_url,mc1_0.is_active,mc1_0.link_key,mc1_0.module_id,mc1_0.parent_id from module_categories mc1_0 where mc1_0.category_key=?
Hibernate: select mc1_0.id,mc1_0.action_type,mc1_0.category_key,mc1_0.category_name_en,mc1_0.category_name_hi,mc1_0.created_at,mc1_0.display_order,mc1_0.icon_url,mc1_0.is_active,mc1_0.link_key,mc1_0.module_id,mc1_0.parent_id from module_categories mc1_0 where mc1_0.category_key=?
Hibernate: SELECT l.* FROM listings l WHERE l.is_deleted = false AND l.status = 'ACTIVE' AND l.is_active = true AND l.created_at >= CURRENT_DATE AND l.category_id IN (?,?) AND (? IS NULL OR l.listing_type = ?) AND (CAST(? AS float8) IS NULL OR (       l.latitude  BETWEEN CAST(? AS float8) AND CAST(? AS float8)   AND l.longitude BETWEEN CAST(? AS float8) AND CAST(? AS float8))) ORDER BY l.offered_price ASC, l.created_at DESC fetch first ? rows only
Hibernate: select us1_0.id,us1_0.auto_renew,us1_0.created_at,us1_0.expires_at,us1_0.granted_by,us1_0.notes,us1_0.payment_gateway,us1_0.payment_ref,us1_0.plan_id,us1_0.started_at,us1_0.status,us1_0.subscription_id,us1_0.updated_at,us1_0.user_id from user_subscriptions us1_0 where us1_0.user_id=? and us1_0.status='ACTIVE' and us1_0.expires_at>?
Hibernate: select bp1_0.id,bp1_0.address,bp1_0.attributes,bp1_0.block_reason,bp1_0.business_name,bp1_0.created_at,bp1_0.documents,bp1_0.form_id,bp1_0.form_version,bp1_0.is_active,bp1_0.is_deleted,bp1_0.is_visible,bp1_0.latitude,bp1_0.longitude,bp1_0.profile_id,bp1_0.profile_type,bp1_0.reject_reason,bp1_0.updated_at,bp1_0.user_id,bp1_0.verification_status,bp1_0.verified_at,bp1_0.verified_by from business_profiles bp1_0 where bp1_0.user_id=? and bp1_0.verification_status=? and bp1_0.is_deleted=false
Hibernate: select u1_0.id,u1_0.app_usage_role,u1_0.created_at,u1_0.first_name,u1_0.last_name,u1_0.mobile_number,u1_0.otp_expiry,u1_0.password,u1_0.preferred_language,u1_0.reset_otp,u1_0.user_id from users u1_0 where u1_0.mobile_number=?
Hibernate: select u1_0.id,u1_0.app_usage_role,u1_0.created_at,u1_0.first_name,u1_0.last_name,u1_0.mobile_number,u1_0.otp_expiry,u1_0.password,u1_0.preferred_language,u1_0.reset_otp,u1_0.user_id from users u1_0 where u1_0.mobile_number=?
Hibernate: select l1_0.id,l1_0.actual_price,l1_0.address,l1_0.address_id,l1_0.attributes,l1_0.category_id,l1_0.contact_number,l1_0.contact_reveal_count,l1_0.created_at,l1_0.created_by,l1_0.discount_expires_at,l1_0.discount_pct,l1_0.favorite_count,l1_0.flash_deal,l1_0.form_id,l1_0.form_version,l1_0.images,l1_0.is_active,l1_0.is_deleted,l1_0.is_negotiable,l1_0.latitude,l1_0.listing_id,l1_0.listing_type,l1_0.longitude,l1_0.module_id,l1_0.offered_price,l1_0.quantity,l1_0.search_vector,l1_0.show_contact,l1_0.status,l1_0.unit,l1_0.updated_at,l1_0.updated_by,l1_0.user_id,l1_0.user_mobile_number,l1_0.view_count from listings l1_0 where l1_0.listing_id=?
Hibernate: select l1_0.id,l1_0.actual_price,l1_0.address,l1_0.address_id,l1_0.attributes,l1_0.category_id,l1_0.contact_number,l1_0.contact_reveal_count,l1_0.created_at,l1_0.created_by,l1_0.discount_expires_at,l1_0.discount_pct,l1_0.favorite_count,l1_0.flash_deal,l1_0.form_id,l1_0.form_version,l1_0.images,l1_0.is_active,l1_0.is_deleted,l1_0.is_negotiable,l1_0.latitude,l1_0.listing_id,l1_0.listing_type,l1_0.longitude,l1_0.module_id,l1_0.offered_price,l1_0.quantity,l1_0.search_vector,l1_0.show_contact,l1_0.status,l1_0.unit,l1_0.updated_at,l1_0.updated_by,l1_0.user_id,l1_0.user_mobile_number,l1_0.view_count from listings l1_0 where l1_0.listing_id=?
Hibernate: select u1_0.id,u1_0.app_usage_role,u1_0.created_at,u1_0.first_name,u1_0.last_name,u1_0.mobile_number,u1_0.otp_expiry,u1_0.password,u1_0.preferred_language,u1_0.reset_otp,u1_0.user_id from users u1_0 where u1_0.mobile_number=?
Hibernate: select u1_0.id,u1_0.app_usage_role,u1_0.created_at,u1_0.first_name,u1_0.last_name,u1_0.mobile_number,u1_0.otp_expiry,u1_0.password,u1_0.preferred_language,u1_0.reset_otp,u1_0.user_id from users u1_0 where u1_0.mobile_number=?
Hibernate: update listings set actual_price=?,address=?,address_id=?,attributes=?,category_id=?,contact_number=?,contact_reveal_count=?,created_by=?,discount_expires_at=?,discount_pct=?,favorite_count=?,flash_deal=?,form_id=?,form_version=?,images=?,is_active=?,is_deleted=?,is_negotiable=?,latitude=?,listing_id=?,listing_type=?,longitude=?,module_id=?,offered_price=?,quantity=?,show_contact=?,status=?,unit=?,updated_at=?,updated_by=?,user_id=?,user_mobile_number=?,view_count=? where id=?
Hibernate: update listings set actual_price=?,address=?,address_id=?,attributes=?,category_id=?,contact_number=?,contact_reveal_count=?,created_by=?,discount_expires_at=?,discount_pct=?,favorite_count=?,flash_deal=?,form_id=?,form_version=?,images=?,is_active=?,is_deleted=?,is_negotiable=?,latitude=?,listing_id=?,listing_type=?,longitude=?,module_id=?,offered_price=?,quantity=?,show_contact=?,status=?,unit=?,updated_at=?,updated_by=?,user_id=?,user_mobile_number=?,view_count=? where id=?
Hibernate: select u1_0.id,u1_0.app_usage_role,u1_0.created_at,u1_0.first_name,u1_0.last_name,u1_0.mobile_number,u1_0.otp_expiry,u1_0.password,u1_0.preferred_language,u1_0.reset_otp,u1_0.user_id from users u1_0 where u1_0.mobile_number=?
Hibernate: SELECT l.* FROM listings l LEFT JOIN user_subscriptions ss ON ss.user_id = l.user_id AND ss.status = 'ACTIVE' AND ss.expires_at > NOW() LEFT JOIN subscription_plans sp ON sp.id = ss.plan_id WHERE l.is_deleted = false AND l.status = 'ACTIVE' AND l.is_active = true AND l.category_id = ? AND l.listing_id  != ? AND (? IS NULL OR l.user_id != ?) ORDER BY COALESCE(sp.sort_weight, 99) ASC, l.created_at DESC LIMIT ?
Hibernate: select mc1_0.id,mc1_0.action_type,mc1_0.category_key,mc1_0.category_name_en,mc1_0.category_name_hi,mc1_0.created_at,mc1_0.display_order,mc1_0.icon_url,mc1_0.is_active,mc1_0.link_key,mc1_0.module_id,mc1_0.parent_id from module_categories mc1_0 where mc1_0.id=?
Hibernate: select us1_0.id,us1_0.auto_renew,us1_0.created_at,us1_0.expires_at,us1_0.granted_by,us1_0.notes,us1_0.payment_gateway,us1_0.payment_ref,us1_0.plan_id,us1_0.started_at,us1_0.status,us1_0.subscription_id,us1_0.updated_at,us1_0.user_id from user_subscriptions us1_0 where us1_0.user_id=? and us1_0.status='ACTIVE' and us1_0.expires_at>?
Hibernate: select bp1_0.id,bp1_0.address,bp1_0.attributes,bp1_0.block_reason,bp1_0.business_name,bp1_0.created_at,bp1_0.documents,bp1_0.form_id,bp1_0.form_version,bp1_0.is_active,bp1_0.is_deleted,bp1_0.is_visible,bp1_0.latitude,bp1_0.longitude,bp1_0.profile_id,bp1_0.profile_type,bp1_0.reject_reason,bp1_0.updated_at,bp1_0.user_id,bp1_0.verification_status,bp1_0.verified_at,bp1_0.verified_by from business_profiles bp1_0 where bp1_0.user_id=? and bp1_0.verification_status=? and bp1_0.is_deleted=false
Hibernate: select mc1_0.id,mc1_0.action_type,mc1_0.category_key,mc1_0.category_name_en,mc1_0.category_name_hi,mc1_0.created_at,mc1_0.display_order,mc1_0.icon_url,mc1_0.is_active,mc1_0.link_key,mc1_0.module_id,mc1_0.parent_id from module_categories mc1_0 where mc1_0.id=?
Hibernate: select us1_0.id,us1_0.auto_renew,us1_0.created_at,us1_0.expires_at,us1_0.granted_by,us1_0.notes,us1_0.payment_gateway,us1_0.payment_ref,us1_0.plan_id,us1_0.started_at,us1_0.status,us1_0.subscription_id,us1_0.updated_at,us1_0.user_id from user_subscriptions us1_0 where us1_0.user_id=? and us1_0.status='ACTIVE' and us1_0.expires_at>?
Hibernate: select bp1_0.id,bp1_0.address,bp1_0.attributes,bp1_0.block_reason,bp1_0.business_name,bp1_0.created_at,bp1_0.documents,bp1_0.form_id,bp1_0.form_version,bp1_0.is_active,bp1_0.is_deleted,bp1_0.is_visible,bp1_0.latitude,bp1_0.longitude,bp1_0.profile_id,bp1_0.profile_type,bp1_0.reject_reason,bp1_0.updated_at,bp1_0.user_id,bp1_0.verification_status,bp1_0.verified_at,bp1_0.verified_by from business_profiles bp1_0 where bp1_0.user_id=? and bp1_0.verification_status=? and bp1_0.is_deleted=false
Hibernate: select us1_0.id,us1_0.auto_renew,us1_0.created_at,us1_0.expires_at,us1_0.granted_by,us1_0.notes,us1_0.payment_gateway,us1_0.payment_ref,us1_0.plan_id,us1_0.started_at,us1_0.status,us1_0.subscription_id,us1_0.updated_at,us1_0.user_id from user_subscriptions us1_0 where us1_0.user_id=? and us1_0.status='ACTIVE' and us1_0.expires_at>?
Hibernate: select bp1_0.id,bp1_0.address,bp1_0.attributes,bp1_0.block_reason,bp1_0.business_name,bp1_0.created_at,bp1_0.documents,bp1_0.form_id,bp1_0.form_version,bp1_0.is_active,bp1_0.is_deleted,bp1_0.is_visible,bp1_0.latitude,bp1_0.longitude,bp1_0.profile_id,bp1_0.profile_type,bp1_0.reject_reason,bp1_0.updated_at,bp1_0.user_id,bp1_0.verification_status,bp1_0.verified_at,bp1_0.verified_by from business_profiles bp1_0 where bp1_0.user_id=? and bp1_0.verification_status=? and bp1_0.is_deleted=false
Hibernate: select us1_0.id,us1_0.auto_renew,us1_0.created_at,us1_0.expires_at,us1_0.granted_by,us1_0.notes,us1_0.payment_gateway,us1_0.payment_ref,us1_0.plan_id,us1_0.started_at,us1_0.status,us1_0.subscription_id,us1_0.updated_at,us1_0.user_id from user_subscriptions us1_0 where us1_0.user_id=? and us1_0.status='ACTIVE' and us1_0.expires_at>?
Hibernate: select bp1_0.id,bp1_0.address,bp1_0.attributes,bp1_0.block_reason,bp1_0.business_name,bp1_0.created_at,bp1_0.documents,bp1_0.form_id,bp1_0.form_version,bp1_0.is_active,bp1_0.is_deleted,bp1_0.is_visible,bp1_0.latitude,bp1_0.longitude,bp1_0.profile_id,bp1_0.profile_type,bp1_0.reject_reason,bp1_0.updated_at,bp1_0.user_id,bp1_0.verification_status,bp1_0.verified_at,bp1_0.verified_by from business_profiles bp1_0 where bp1_0.user_id=? and bp1_0.verification_status=? and bp1_0.is_deleted=false
Hibernate: select us1_0.id,us1_0.auto_renew,us1_0.created_at,us1_0.expires_at,us1_0.granted_by,us1_0.notes,us1_0.payment_gateway,us1_0.payment_ref,us1_0.plan_id,us1_0.started_at,us1_0.status,us1_0.subscription_id,us1_0.updated_at,us1_0.user_id from user_subscriptions us1_0 where us1_0.user_id=? and us1_0.status='ACTIVE' and us1_0.expires_at>?
Hibernate: select bp1_0.id,bp1_0.address,bp1_0.attributes,bp1_0.block_reason,bp1_0.business_name,bp1_0.created_at,bp1_0.documents,bp1_0.form_id,bp1_0.form_version,bp1_0.is_active,bp1_0.is_deleted,bp1_0.is_visible,bp1_0.latitude,bp1_0.longitude,bp1_0.profile_id,bp1_0.profile_type,bp1_0.reject_reason,bp1_0.updated_at,bp1_0.user_id,bp1_0.verification_status,bp1_0.verified_at,bp1_0.verified_by from business_profiles bp1_0 where bp1_0.user_id=? and bp1_0.verification_status=? and bp1_0.is_deleted=false
Hibernate: select us1_0.id,us1_0.auto_renew,us1_0.created_at,us1_0.expires_at,us1_0.granted_by,us1_0.notes,us1_0.payment_gateway,us1_0.payment_ref,us1_0.plan_id,us1_0.started_at,us1_0.status,us1_0.subscription_id,us1_0.updated_at,us1_0.user_id from user_subscriptions us1_0 where us1_0.user_id=? and us1_0.status='ACTIVE' and us1_0.expires_at>?
Hibernate: select bp1_0.id,bp1_0.address,bp1_0.attributes,bp1_0.block_reason,bp1_0.business_name,bp1_0.created_at,bp1_0.documents,bp1_0.form_id,bp1_0.form_version,bp1_0.is_active,bp1_0.is_deleted,bp1_0.is_visible,bp1_0.latitude,bp1_0.longitude,bp1_0.profile_id,bp1_0.profile_type,bp1_0.reject_reason,bp1_0.updated_at,bp1_0.user_id,bp1_0.verification_status,bp1_0.verified_at,bp1_0.verified_by from business_profiles bp1_0 where bp1_0.user_id=? and bp1_0.verification_status=? and bp1_0.is_deleted=false
Hibernate: select us1_0.id,us1_0.auto_renew,us1_0.created_at,us1_0.expires_at,us1_0.granted_by,us1_0.notes,us1_0.payment_gateway,us1_0.payment_ref,us1_0.plan_id,us1_0.started_at,us1_0.status,us1_0.subscription_id,us1_0.updated_at,us1_0.user_id from user_subscriptions us1_0 where us1_0.user_id=? and us1_0.status='ACTIVE' and us1_0.expires_at>?
Hibernate: select bp1_0.id,bp1_0.address,bp1_0.attributes,bp1_0.block_reason,bp1_0.business_name,bp1_0.created_at,bp1_0.documents,bp1_0.form_id,bp1_0.form_version,bp1_0.is_active,bp1_0.is_deleted,bp1_0.is_visible,bp1_0.latitude,bp1_0.longitude,bp1_0.profile_id,bp1_0.profile_type,bp1_0.reject_reason,bp1_0.updated_at,bp1_0.user_id,bp1_0.verification_status,bp1_0.verified_at,bp1_0.verified_by from business_profiles bp1_0 where bp1_0.user_id=? and bp1_0.verification_status=? and bp1_0.is_deleted=false
Hibernate: select u1_0.id,u1_0.app_usage_role,u1_0.created_at,u1_0.first_name,u1_0.last_name,u1_0.mobile_number,u1_0.otp_expiry,u1_0.password,u1_0.preferred_language,u1_0.reset_otp,u1_0.user_id from users u1_0 where u1_0.mobile_number=?
Hibernate: select u1_0.id,u1_0.app_usage_role,u1_0.created_at,u1_0.first_name,u1_0.last_name,u1_0.mobile_number,u1_0.otp_expiry,u1_0.password,u1_0.preferred_language,u1_0.reset_otp,u1_0.user_id from users u1_0 where u1_0.mobile_number=?
Hibernate: select l1_0.id,l1_0.actual_price,l1_0.address,l1_0.address_id,l1_0.attributes,l1_0.category_id,l1_0.contact_number,l1_0.contact_reveal_count,l1_0.created_at,l1_0.created_by,l1_0.discount_expires_at,l1_0.discount_pct,l1_0.favorite_count,l1_0.flash_deal,l1_0.form_id,l1_0.form_version,l1_0.images,l1_0.is_active,l1_0.is_deleted,l1_0.is_negotiable,l1_0.latitude,l1_0.listing_id,l1_0.listing_type,l1_0.longitude,l1_0.module_id,l1_0.offered_price,l1_0.quantity,l1_0.search_vector,l1_0.show_contact,l1_0.status,l1_0.unit,l1_0.updated_at,l1_0.updated_by,l1_0.user_id,l1_0.user_mobile_number,l1_0.view_count from listings l1_0 where l1_0.listing_id=?
Hibernate: select l1_0.id,l1_0.actual_price,l1_0.address,l1_0.address_id,l1_0.attributes,l1_0.category_id,l1_0.contact_number,l1_0.contact_reveal_count,l1_0.created_at,l1_0.created_by,l1_0.discount_expires_at,l1_0.discount_pct,l1_0.favorite_count,l1_0.flash_deal,l1_0.form_id,l1_0.form_version,l1_0.images,l1_0.is_active,l1_0.is_deleted,l1_0.is_negotiable,l1_0.latitude,l1_0.listing_id,l1_0.listing_type,l1_0.longitude,l1_0.module_id,l1_0.offered_price,l1_0.quantity,l1_0.search_vector,l1_0.show_contact,l1_0.status,l1_0.unit,l1_0.updated_at,l1_0.updated_by,l1_0.user_id,l1_0.user_mobile_number,l1_0.view_count from listings l1_0 where l1_0.listing_id=?
Hibernate: select u1_0.id,u1_0.app_usage_role,u1_0.created_at,u1_0.first_name,u1_0.last_name,u1_0.mobile_number,u1_0.otp_expiry,u1_0.password,u1_0.preferred_language,u1_0.reset_otp,u1_0.user_id from users u1_0 where u1_0.mobile_number=?
Hibernate: select u1_0.id,u1_0.app_usage_role,u1_0.created_at,u1_0.first_name,u1_0.last_name,u1_0.mobile_number,u1_0.otp_expiry,u1_0.password,u1_0.preferred_language,u1_0.reset_otp,u1_0.user_id from users u1_0 where u1_0.mobile_number=?
Hibernate: update listings set actual_price=?,address=?,address_id=?,attributes=?,category_id=?,contact_number=?,contact_reveal_count=?,created_by=?,discount_expires_at=?,discount_pct=?,favorite_count=?,flash_deal=?,form_id=?,form_version=?,images=?,is_active=?,is_deleted=?,is_negotiable=?,latitude=?,listing_id=?,listing_type=?,longitude=?,module_id=?,offered_price=?,quantity=?,show_contact=?,status=?,unit=?,updated_at=?,updated_by=?,user_id=?,user_mobile_number=?,view_count=? where id=?
Hibernate: update listings set actual_price=?,address=?,address_id=?,attributes=?,category_id=?,contact_number=?,contact_reveal_count=?,created_by=?,discount_expires_at=?,discount_pct=?,favorite_count=?,flash_deal=?,form_id=?,form_version=?,images=?,is_active=?,is_deleted=?,is_negotiable=?,latitude=?,listing_id=?,listing_type=?,longitude=?,module_id=?,offered_price=?,quantity=?,show_contact=?,status=?,unit=?,updated_at=?,updated_by=?,user_id=?,user_mobile_number=?,view_count=? where id=?
Hibernate: select u1_0.id,u1_0.app_usage_role,u1_0.created_at,u1_0.first_name,u1_0.last_name,u1_0.mobile_number,u1_0.otp_expiry,u1_0.password,u1_0.preferred_language,u1_0.reset_otp,u1_0.user_id from users u1_0 where u1_0.mobile_number=?
Hibernate: select mc1_0.id,mc1_0.action_type,mc1_0.category_key,mc1_0.category_name_en,mc1_0.category_name_hi,mc1_0.created_at,mc1_0.display_order,mc1_0.icon_url,mc1_0.is_active,mc1_0.link_key,mc1_0.module_id,mc1_0.parent_id from module_categories mc1_0 where mc1_0.id=?
Hibernate: SELECT l.* FROM listings l LEFT JOIN user_subscriptions ss ON ss.user_id = l.user_id AND ss.status = 'ACTIVE' AND ss.expires_at > NOW() LEFT JOIN subscription_plans sp ON sp.id = ss.plan_id WHERE l.is_deleted = false AND l.status = 'ACTIVE' AND l.is_active = true AND l.category_id = ? AND l.listing_id  != ? AND (? IS NULL OR l.user_id != ?) ORDER BY COALESCE(sp.sort_weight, 99) ASC, l.created_at DESC LIMIT ?
Hibernate: select us1_0.id,us1_0.auto_renew,us1_0.created_at,us1_0.expires_at,us1_0.granted_by,us1_0.notes,us1_0.payment_gateway,us1_0.payment_ref,us1_0.plan_id,us1_0.started_at,us1_0.status,us1_0.subscription_id,us1_0.updated_at,us1_0.user_id from user_subscriptions us1_0 where us1_0.user_id=? and us1_0.status='ACTIVE' and us1_0.expires_at>?
Hibernate: select bp1_0.id,bp1_0.address,bp1_0.attributes,bp1_0.block_reason,bp1_0.business_name,bp1_0.created_at,bp1_0.documents,bp1_0.form_id,bp1_0.form_version,bp1_0.is_active,bp1_0.is_deleted,bp1_0.is_visible,bp1_0.latitude,bp1_0.longitude,bp1_0.profile_id,bp1_0.profile_type,bp1_0.reject_reason,bp1_0.updated_at,bp1_0.user_id,bp1_0.verification_status,bp1_0.verified_at,bp1_0.verified_by from business_profiles bp1_0 where bp1_0.user_id=? and bp1_0.verification_status=? and bp1_0.is_deleted=false
Hibernate: select mc1_0.id,mc1_0.action_type,mc1_0.category_key,mc1_0.category_name_en,mc1_0.category_name_hi,mc1_0.created_at,mc1_0.display_order,mc1_0.icon_url,mc1_0.is_active,mc1_0.link_key,mc1_0.module_id,mc1_0.parent_id from module_categories mc1_0 where mc1_0.id=?
Hibernate: select us1_0.id,us1_0.auto_renew,us1_0.created_at,us1_0.expires_at,us1_0.granted_by,us1_0.notes,us1_0.payment_gateway,us1_0.payment_ref,us1_0.plan_id,us1_0.started_at,us1_0.status,us1_0.subscription_id,us1_0.updated_at,us1_0.user_id from user_subscriptions us1_0 where us1_0.user_id=? and us1_0.status='ACTIVE' and us1_0.expires_at>?
Hibernate: select bp1_0.id,bp1_0.address,bp1_0.attributes,bp1_0.block_reason,bp1_0.business_name,bp1_0.created_at,bp1_0.documents,bp1_0.form_id,bp1_0.form_version,bp1_0.is_active,bp1_0.is_deleted,bp1_0.is_visible,bp1_0.latitude,bp1_0.longitude,bp1_0.profile_id,bp1_0.profile_type,bp1_0.reject_reason,bp1_0.updated_at,bp1_0.user_id,bp1_0.verification_status,bp1_0.verified_at,bp1_0.verified_by from business_profiles bp1_0 where bp1_0.user_id=? and bp1_0.verification_status=? and bp1_0.is_deleted=false
Hibernate: select us1_0.id,us1_0.auto_renew,us1_0.created_at,us1_0.expires_at,us1_0.granted_by,us1_0.notes,us1_0.payment_gateway,us1_0.payment_ref,us1_0.plan_id,us1_0.started_at,us1_0.status,us1_0.subscription_id,us1_0.updated_at,us1_0.user_id from user_subscriptions us1_0 where us1_0.user_id=? and us1_0.status='ACTIVE' and us1_0.expires_at>?
Hibernate: select bp1_0.id,bp1_0.address,bp1_0.attributes,bp1_0.block_reason,bp1_0.business_name,bp1_0.created_at,bp1_0.documents,bp1_0.form_id,bp1_0.form_version,bp1_0.is_active,bp1_0.is_deleted,bp1_0.is_visible,bp1_0.latitude,bp1_0.longitude,bp1_0.profile_id,bp1_0.profile_type,bp1_0.reject_reason,bp1_0.updated_at,bp1_0.user_id,bp1_0.verification_status,bp1_0.verified_at,bp1_0.verified_by from business_profiles bp1_0 where bp1_0.user_id=? and bp1_0.verification_status=? and bp1_0.is_deleted=false
Hibernate: select us1_0.id,us1_0.auto_renew,us1_0.created_at,us1_0.expires_at,us1_0.granted_by,us1_0.notes,us1_0.payment_gateway,us1_0.payment_ref,us1_0.plan_id,us1_0.started_at,us1_0.status,us1_0.subscription_id,us1_0.updated_at,us1_0.user_id from user_subscriptions us1_0 where us1_0.user_id=? and us1_0.status='ACTIVE' and us1_0.expires_at>?
Hibernate: select bp1_0.id,bp1_0.address,bp1_0.attributes,bp1_0.block_reason,bp1_0.business_name,bp1_0.created_at,bp1_0.documents,bp1_0.form_id,bp1_0.form_version,bp1_0.is_active,bp1_0.is_deleted,bp1_0.is_visible,bp1_0.latitude,bp1_0.longitude,bp1_0.profile_id,bp1_0.profile_type,bp1_0.reject_reason,bp1_0.updated_at,bp1_0.user_id,bp1_0.verification_status,bp1_0.verified_at,bp1_0.verified_by from business_profiles bp1_0 where bp1_0.user_id=? and bp1_0.verification_status=? and bp1_0.is_deleted=false
Hibernate: select us1_0.id,us1_0.auto_renew,us1_0.created_at,us1_0.expires_at,us1_0.granted_by,us1_0.notes,us1_0.payment_gateway,us1_0.payment_ref,us1_0.plan_id,us1_0.started_at,us1_0.status,us1_0.subscription_id,us1_0.updated_at,us1_0.user_id from user_subscriptions us1_0 where us1_0.user_id=? and us1_0.status='ACTIVE' and us1_0.expires_at>?
Hibernate: select bp1_0.id,bp1_0.address,bp1_0.attributes,bp1_0.block_reason,bp1_0.business_name,bp1_0.created_at,bp1_0.documents,bp1_0.form_id,bp1_0.form_version,bp1_0.is_active,bp1_0.is_deleted,bp1_0.is_visible,bp1_0.latitude,bp1_0.longitude,bp1_0.profile_id,bp1_0.profile_type,bp1_0.reject_reason,bp1_0.updated_at,bp1_0.user_id,bp1_0.verification_status,bp1_0.verified_at,bp1_0.verified_by from business_profiles bp1_0 where bp1_0.user_id=? and bp1_0.verification_status=? and bp1_0.is_deleted=false
Hibernate: select us1_0.id,us1_0.auto_renew,us1_0.created_at,us1_0.expires_at,us1_0.granted_by,us1_0.notes,us1_0.payment_gateway,us1_0.payment_ref,us1_0.plan_id,us1_0.started_at,us1_0.status,us1_0.subscription_id,us1_0.updated_at,us1_0.user_id from user_subscriptions us1_0 where us1_0.user_id=? and us1_0.status='ACTIVE' and us1_0.expires_at>?
Hibernate: select bp1_0.id,bp1_0.address,bp1_0.attributes,bp1_0.block_reason,bp1_0.business_name,bp1_0.created_at,bp1_0.documents,bp1_0.form_id,bp1_0.form_version,bp1_0.is_active,bp1_0.is_deleted,bp1_0.is_visible,bp1_0.latitude,bp1_0.longitude,bp1_0.profile_id,bp1_0.profile_type,bp1_0.reject_reason,bp1_0.updated_at,bp1_0.user_id,bp1_0.verification_status,bp1_0.verified_at,bp1_0.verified_by from business_profiles bp1_0 where bp1_0.user_id=? and bp1_0.verification_status=? and bp1_0.is_deleted=false
Hibernate: select us1_0.id,us1_0.auto_renew,us1_0.created_at,us1_0.expires_at,us1_0.granted_by,us1_0.notes,us1_0.payment_gateway,us1_0.payment_ref,us1_0.plan_id,us1_0.started_at,us1_0.status,us1_0.subscription_id,us1_0.updated_at,us1_0.user_id from user_subscriptions us1_0 where us1_0.user_id=? and us1_0.status='ACTIVE' and us1_0.expires_at>?
Hibernate: select bp1_0.id,bp1_0.address,bp1_0.attributes,bp1_0.block_reason,bp1_0.business_name,bp1_0.created_at,bp1_0.documents,bp1_0.form_id,bp1_0.form_version,bp1_0.is_active,bp1_0.is_deleted,bp1_0.is_visible,bp1_0.latitude,bp1_0.longitude,bp1_0.profile_id,bp1_0.profile_type,bp1_0.reject_reason,bp1_0.updated_at,bp1_0.user_id,bp1_0.verification_status,bp1_0.verified_at,bp1_0.verified_by from business_profiles bp1_0 where bp1_0.user_id=? and bp1_0.verification_status=? and bp1_0.is_deleted=false
Hibernate: select u1_0.id,u1_0.app_usage_role,u1_0.created_at,u1_0.first_name,u1_0.last_name,u1_0.mobile_number,u1_0.otp_expiry,u1_0.password,u1_0.preferred_language,u1_0.reset_otp,u1_0.user_id from users u1_0 where u1_0.mobile_number=?
Hibernate: select u1_0.id,u1_0.app_usage_role,u1_0.created_at,u1_0.first_name,u1_0.last_name,u1_0.mobile_number,u1_0.otp_expiry,u1_0.password,u1_0.preferred_language,u1_0.reset_otp,u1_0.user_id from users u1_0 where u1_0.mobile_number=?
Hibernate: select l1_0.id,l1_0.actual_price,l1_0.address,l1_0.address_id,l1_0.attributes,l1_0.category_id,l1_0.contact_number,l1_0.contact_reveal_count,l1_0.created_at,l1_0.created_by,l1_0.discount_expires_at,l1_0.discount_pct,l1_0.favorite_count,l1_0.flash_deal,l1_0.form_id,l1_0.form_version,l1_0.images,l1_0.is_active,l1_0.is_deleted,l1_0.is_negotiable,l1_0.latitude,l1_0.listing_id,l1_0.listing_type,l1_0.longitude,l1_0.module_id,l1_0.offered_price,l1_0.quantity,l1_0.search_vector,l1_0.show_contact,l1_0.status,l1_0.unit,l1_0.updated_at,l1_0.updated_by,l1_0.user_id,l1_0.user_mobile_number,l1_0.view_count from listings l1_0 where l1_0.listing_id=?
Hibernate: select l1_0.id,l1_0.actual_price,l1_0.address,l1_0.address_id,l1_0.attributes,l1_0.category_id,l1_0.contact_number,l1_0.contact_reveal_count,l1_0.created_at,l1_0.created_by,l1_0.discount_expires_at,l1_0.discount_pct,l1_0.favorite_count,l1_0.flash_deal,l1_0.form_id,l1_0.form_version,l1_0.images,l1_0.is_active,l1_0.is_deleted,l1_0.is_negotiable,l1_0.latitude,l1_0.listing_id,l1_0.listing_type,l1_0.longitude,l1_0.module_id,l1_0.offered_price,l1_0.quantity,l1_0.search_vector,l1_0.show_contact,l1_0.status,l1_0.unit,l1_0.updated_at,l1_0.updated_by,l1_0.user_id,l1_0.user_mobile_number,l1_0.view_count from listings l1_0 where l1_0.listing_id=?
Hibernate: select u1_0.id,u1_0.app_usage_role,u1_0.created_at,u1_0.first_name,u1_0.last_name,u1_0.mobile_number,u1_0.otp_expiry,u1_0.password,u1_0.preferred_language,u1_0.reset_otp,u1_0.user_id from users u1_0 where u1_0.mobile_number=?
Hibernate: select u1_0.id,u1_0.app_usage_role,u1_0.created_at,u1_0.first_name,u1_0.last_name,u1_0.mobile_number,u1_0.otp_expiry,u1_0.password,u1_0.preferred_language,u1_0.reset_otp,u1_0.user_id from users u1_0 where u1_0.mobile_number=?
Hibernate: update listings set actual_price=?,address=?,address_id=?,attributes=?,category_id=?,contact_number=?,contact_reveal_count=?,created_by=?,discount_expires_at=?,discount_pct=?,favorite_count=?,flash_deal=?,form_id=?,form_version=?,images=?,is_active=?,is_deleted=?,is_negotiable=?,latitude=?,listing_id=?,listing_type=?,longitude=?,module_id=?,offered_price=?,quantity=?,show_contact=?,status=?,unit=?,updated_at=?,updated_by=?,user_id=?,user_mobile_number=?,view_count=? where id=?
Hibernate: update listings set actual_price=?,address=?,address_id=?,attributes=?,category_id=?,contact_number=?,contact_reveal_count=?,created_by=?,discount_expires_at=?,discount_pct=?,favorite_count=?,flash_deal=?,form_id=?,form_version=?,images=?,is_active=?,is_deleted=?,is_negotiable=?,latitude=?,listing_id=?,listing_type=?,longitude=?,module_id=?,offered_price=?,quantity=?,show_contact=?,status=?,unit=?,updated_at=?,updated_by=?,user_id=?,user_mobile_number=?,view_count=? where id=?
Hibernate: select u1_0.id,u1_0.app_usage_role,u1_0.created_at,u1_0.first_name,u1_0.last_name,u1_0.mobile_number,u1_0.otp_expiry,u1_0.password,u1_0.preferred_language,u1_0.reset_otp,u1_0.user_id from users u1_0 where u1_0.mobile_number=?
Hibernate: select mc1_0.id,mc1_0.action_type,mc1_0.category_key,mc1_0.category_name_en,mc1_0.category_name_hi,mc1_0.created_at,mc1_0.display_order,mc1_0.icon_url,mc1_0.is_active,mc1_0.link_key,mc1_0.module_id,mc1_0.parent_id from module_categories mc1_0 where mc1_0.id=?
Hibernate: SELECT l.* FROM listings l LEFT JOIN user_subscriptions ss ON ss.user_id = l.user_id AND ss.status = 'ACTIVE' AND ss.expires_at > NOW() LEFT JOIN subscription_plans sp ON sp.id = ss.plan_id WHERE l.is_deleted = false AND l.status = 'ACTIVE' AND l.is_active = true AND l.category_id = ? AND l.listing_id  != ? AND (? IS NULL OR l.user_id != ?) ORDER BY COALESCE(sp.sort_weight, 99) ASC, l.created_at DESC LIMIT ?
Hibernate: select us1_0.id,us1_0.auto_renew,us1_0.created_at,us1_0.expires_at,us1_0.granted_by,us1_0.notes,us1_0.payment_gateway,us1_0.payment_ref,us1_0.plan_id,us1_0.started_at,us1_0.status,us1_0.subscription_id,us1_0.updated_at,us1_0.user_id from user_subscriptions us1_0 where us1_0.user_id=? and us1_0.status='ACTIVE' and us1_0.expires_at>?
Hibernate: select bp1_0.id,bp1_0.address,bp1_0.attributes,bp1_0.block_reason,bp1_0.business_name,bp1_0.created_at,bp1_0.documents,bp1_0.form_id,bp1_0.form_version,bp1_0.is_active,bp1_0.is_deleted,bp1_0.is_visible,bp1_0.latitude,bp1_0.longitude,bp1_0.profile_id,bp1_0.profile_type,bp1_0.reject_reason,bp1_0.updated_at,bp1_0.user_id,bp1_0.verification_status,bp1_0.verified_at,bp1_0.verified_by from business_profiles bp1_0 where bp1_0.user_id=? and bp1_0.verification_status=? and bp1_0.is_deleted=false
Hibernate: select mc1_0.id,mc1_0.action_type,mc1_0.category_key,mc1_0.category_name_en,mc1_0.category_name_hi,mc1_0.created_at,mc1_0.display_order,mc1_0.icon_url,mc1_0.is_active,mc1_0.link_key,mc1_0.module_id,mc1_0.parent_id from module_categories mc1_0 where mc1_0.id=?
Hibernate: select us1_0.id,us1_0.auto_renew,us1_0.created_at,us1_0.expires_at,us1_0.granted_by,us1_0.notes,us1_0.payment_gateway,us1_0.payment_ref,us1_0.plan_id,us1_0.started_at,us1_0.status,us1_0.subscription_id,us1_0.updated_at,us1_0.user_id from user_subscriptions us1_0 where us1_0.user_id=? and us1_0.status='ACTIVE' and us1_0.expires_at>?
Hibernate: select bp1_0.id,bp1_0.address,bp1_0.attributes,bp1_0.block_reason,bp1_0.business_name,bp1_0.created_at,bp1_0.documents,bp1_0.form_id,bp1_0.form_version,bp1_0.is_active,bp1_0.is_deleted,bp1_0.is_visible,bp1_0.latitude,bp1_0.longitude,bp1_0.profile_id,bp1_0.profile_type,bp1_0.reject_reason,bp1_0.updated_at,bp1_0.user_id,bp1_0.verification_status,bp1_0.verified_at,bp1_0.verified_by from business_profiles bp1_0 where bp1_0.user_id=? and bp1_0.verification_status=? and bp1_0.is_deleted=false
Hibernate: select us1_0.id,us1_0.auto_renew,us1_0.created_at,us1_0.expires_at,us1_0.granted_by,us1_0.notes,us1_0.payment_gateway,us1_0.payment_ref,us1_0.plan_id,us1_0.started_at,us1_0.status,us1_0.subscription_id,us1_0.updated_at,us1_0.user_id from user_subscriptions us1_0 where us1_0.user_id=? and us1_0.status='ACTIVE' and us1_0.expires_at>?
Hibernate: select bp1_0.id,bp1_0.address,bp1_0.attributes,bp1_0.block_reason,bp1_0.business_name,bp1_0.created_at,bp1_0.documents,bp1_0.form_id,bp1_0.form_version,bp1_0.is_active,bp1_0.is_deleted,bp1_0.is_visible,bp1_0.latitude,bp1_0.longitude,bp1_0.profile_id,bp1_0.profile_type,bp1_0.reject_reason,bp1_0.updated_at,bp1_0.user_id,bp1_0.verification_status,bp1_0.verified_at,bp1_0.verified_by from business_profiles bp1_0 where bp1_0.user_id=? and bp1_0.verification_status=? and bp1_0.is_deleted=false
Hibernate: select us1_0.id,us1_0.auto_renew,us1_0.created_at,us1_0.expires_at,us1_0.granted_by,us1_0.notes,us1_0.payment_gateway,us1_0.payment_ref,us1_0.plan_id,us1_0.started_at,us1_0.status,us1_0.subscription_id,us1_0.updated_at,us1_0.user_id from user_subscriptions us1_0 where us1_0.user_id=? and us1_0.status='ACTIVE' and us1_0.expires_at>?
Hibernate: select bp1_0.id,bp1_0.address,bp1_0.attributes,bp1_0.block_reason,bp1_0.business_name,bp1_0.created_at,bp1_0.documents,bp1_0.form_id,bp1_0.form_version,bp1_0.is_active,bp1_0.is_deleted,bp1_0.is_visible,bp1_0.latitude,bp1_0.longitude,bp1_0.profile_id,bp1_0.profile_type,bp1_0.reject_reason,bp1_0.updated_at,bp1_0.user_id,bp1_0.verification_status,bp1_0.verified_at,bp1_0.verified_by from business_profiles bp1_0 where bp1_0.user_id=? and bp1_0.verification_status=? and bp1_0.is_deleted=false
Hibernate: select us1_0.id,us1_0.auto_renew,us1_0.created_at,us1_0.expires_at,us1_0.granted_by,us1_0.notes,us1_0.payment_gateway,us1_0.payment_ref,us1_0.plan_id,us1_0.started_at,us1_0.status,us1_0.subscription_id,us1_0.updated_at,us1_0.user_id from user_subscriptions us1_0 where us1_0.user_id=? and us1_0.status='ACTIVE' and us1_0.expires_at>?
Hibernate: select bp1_0.id,bp1_0.address,bp1_0.attributes,bp1_0.block_reason,bp1_0.business_name,bp1_0.created_at,bp1_0.documents,bp1_0.form_id,bp1_0.form_version,bp1_0.is_active,bp1_0.is_deleted,bp1_0.is_visible,bp1_0.latitude,bp1_0.longitude,bp1_0.profile_id,bp1_0.profile_type,bp1_0.reject_reason,bp1_0.updated_at,bp1_0.user_id,bp1_0.verification_status,bp1_0.verified_at,bp1_0.verified_by from business_profiles bp1_0 where bp1_0.user_id=? and bp1_0.verification_status=? and bp1_0.is_deleted=false
Hibernate: select us1_0.id,us1_0.auto_renew,us1_0.created_at,us1_0.expires_at,us1_0.granted_by,us1_0.notes,us1_0.payment_gateway,us1_0.payment_ref,us1_0.plan_id,us1_0.started_at,us1_0.status,us1_0.subscription_id,us1_0.updated_at,us1_0.user_id from user_subscriptions us1_0 where us1_0.user_id=? and us1_0.status='ACTIVE' and us1_0.expires_at>?
Hibernate: select bp1_0.id,bp1_0.address,bp1_0.attributes,bp1_0.block_reason,bp1_0.business_name,bp1_0.created_at,bp1_0.documents,bp1_0.form_id,bp1_0.form_version,bp1_0.is_active,bp1_0.is_deleted,bp1_0.is_visible,bp1_0.latitude,bp1_0.longitude,bp1_0.profile_id,bp1_0.profile_type,bp1_0.reject_reason,bp1_0.updated_at,bp1_0.user_id,bp1_0.verification_status,bp1_0.verified_at,bp1_0.verified_by from business_profiles bp1_0 where bp1_0.user_id=? and bp1_0.verification_status=? and bp1_0.is_deleted=false
Hibernate: select us1_0.id,us1_0.auto_renew,us1_0.created_at,us1_0.expires_at,us1_0.granted_by,us1_0.notes,us1_0.payment_gateway,us1_0.payment_ref,us1_0.plan_id,us1_0.started_at,us1_0.status,us1_0.subscription_id,us1_0.updated_at,us1_0.user_id from user_subscriptions us1_0 where us1_0.user_id=? and us1_0.status='ACTIVE' and us1_0.expires_at>?
Hibernate: select bp1_0.id,bp1_0.address,bp1_0.attributes,bp1_0.block_reason,bp1_0.business_name,bp1_0.created_at,bp1_0.documents,bp1_0.form_id,bp1_0.form_version,bp1_0.is_active,bp1_0.is_deleted,bp1_0.is_visible,bp1_0.latitude,bp1_0.longitude,bp1_0.profile_id,bp1_0.profile_type,bp1_0.reject_reason,bp1_0.updated_at,bp1_0.user_id,bp1_0.verification_status,bp1_0.verified_at,bp1_0.verified_by from business_profiles bp1_0 where bp1_0.user_id=? and bp1_0.verification_status=? and bp1_0.is_deleted=false
Hibernate: select u1_0.id,u1_0.app_usage_role,u1_0.created_at,u1_0.first_name,u1_0.last_name,u1_0.mobile_number,u1_0.otp_expiry,u1_0.password,u1_0.preferred_language,u1_0.reset_otp,u1_0.user_id from users u1_0 where u1_0.mobile_number=?
Hibernate: SELECT * FROM stat_tiles WHERE is_active = true ORDER BY display_order ASC
Hibernate: SELECT COUNT(*) FROM listings WHERE is_deleted = false AND status = 'ACTIVE' AND is_active = true
Hibernate: SELECT COUNT(DISTINCT address->>'district') FROM listings WHERE is_deleted = false AND address->>'district' IS NOT NULL
Hibernate: select count(bp1_0.id) from business_profiles bp1_0 where bp1_0.verification_status=? and bp1_0.is_deleted=false
Hibernate: SELECT COUNT(*) FROM listings WHERE is_deleted = false AND created_at >= CURRENT_DATE
Hibernate: select u1_0.id,u1_0.app_usage_role,u1_0.created_at,u1_0.first_name,u1_0.last_name,u1_0.mobile_number,u1_0.otp_expiry,u1_0.password,u1_0.preferred_language,u1_0.reset_otp,u1_0.user_id from users u1_0 where u1_0.mobile_number=?
Hibernate: select dg1_0.id,dg1_0.accent_color,dg1_0.backend_ui,dg1_0.background_image_url,dg1_0.badge_en,dg1_0.badge_hi,dg1_0.category_keys,dg1_0.created_at,dg1_0.cta_type,dg1_0.cta_value,dg1_0.display_order,dg1_0.group_key,dg1_0.icon,dg1_0.is_active,dg1_0.label_en,dg1_0.label_hi,dg1_0.listing_type,dg1_0.unit_en,dg1_0.unit_hi,dg1_0.updated_at,dg1_0.updated_by from deal_groups dg1_0 where dg1_0.group_key=?
Hibernate: select mc1_0.id,mc1_0.action_type,mc1_0.category_key,mc1_0.category_name_en,mc1_0.category_name_hi,mc1_0.created_at,mc1_0.display_order,mc1_0.icon_url,mc1_0.is_active,mc1_0.link_key,mc1_0.module_id,mc1_0.parent_id from module_categories mc1_0 where mc1_0.category_key=?
Hibernate: SELECT l.* FROM listings l WHERE l.is_deleted = false AND l.status = 'ACTIVE' AND l.is_active = true AND l.created_at >= CURRENT_DATE AND l.category_id IN (?) AND (? IS NULL OR l.listing_type = ?) AND (CAST(? AS float8) IS NULL OR (       l.latitude  BETWEEN CAST(? AS float8) AND CAST(? AS float8)   AND l.longitude BETWEEN CAST(? AS float8) AND CAST(? AS float8))) ORDER BY l.offered_price ASC, l.created_at DESC fetch first ? rows only
Hibernate: select us1_0.id,us1_0.auto_renew,us1_0.created_at,us1_0.expires_at,us1_0.granted_by,us1_0.notes,us1_0.payment_gateway,us1_0.payment_ref,us1_0.plan_id,us1_0.started_at,us1_0.status,us1_0.subscription_id,us1_0.updated_at,us1_0.user_id from user_subscriptions us1_0 where us1_0.user_id=? and us1_0.status='ACTIVE' and us1_0.expires_at>?
Hibernate: select bp1_0.id,bp1_0.address,bp1_0.attributes,bp1_0.block_reason,bp1_0.business_name,bp1_0.created_at,bp1_0.documents,bp1_0.form_id,bp1_0.form_version,bp1_0.is_active,bp1_0.is_deleted,bp1_0.is_visible,bp1_0.latitude,bp1_0.longitude,bp1_0.profile_id,bp1_0.profile_type,bp1_0.reject_reason,bp1_0.updated_at,bp1_0.user_id,bp1_0.verification_status,bp1_0.verified_at,bp1_0.verified_by from business_profiles bp1_0 where bp1_0.user_id=? and bp1_0.verification_status=? and bp1_0.is_deleted=false
Hibernate: select u1_0.id,u1_0.app_usage_role,u1_0.created_at,u1_0.first_name,u1_0.last_name,u1_0.mobile_number,u1_0.otp_expiry,u1_0.password,u1_0.preferred_language,u1_0.reset_otp,u1_0.user_id from users u1_0 where u1_0.mobile_number=?
Hibernate: SELECT * FROM stat_tiles WHERE is_active = true ORDER BY display_order ASC
Hibernate: SELECT COUNT(*) FROM listings WHERE is_deleted = false AND status = 'ACTIVE' AND is_active = true
Hibernate: SELECT COUNT(DISTINCT address->>'district') FROM listings WHERE is_deleted = false AND address->>'district' IS NOT NULL
Hibernate: select count(bp1_0.id) from business_profiles bp1_0 where bp1_0.verification_status=? and bp1_0.is_deleted=false
Hibernate: SELECT COUNT(*) FROM listings WHERE is_deleted = false AND created_at >= CURRENT_DATE
Hibernate: select us1_0.id,us1_0.auto_renew,us1_0.created_at,us1_0.expires_at,us1_0.granted_by,us1_0.notes,us1_0.payment_gateway,us1_0.payment_ref,us1_0.plan_id,us1_0.started_at,us1_0.status,us1_0.subscription_id,us1_0.updated_at,us1_0.user_id from user_subscriptions us1_0 where us1_0.status='ACTIVE' and us1_0.expires_at<?
